{
"type": "FeatureCollection",
"name": "GN.sample10",
"crs": { "type": "name", "properties": { "name": "urn:ogc:def:crs:EPSG::5235" } },
"features": [
{ "type": "Feature", "properties": { "OBJECTID": 0, "GND_N": "Makumbura North", "CM_Index": null, "GND_NO": "498A", "GND_C": "145", "PROVINCE_N": "WESTERN", "PROVINCE_C": "1", "DISTRICT_N": "COLOMBO", "DISTRICT_C": "1", "DSD_N": "MAHARAGAMA", "DSD_C": "21", "MC_UC_PC_N": null, "GND_NO_Cen": "498A", "GND_NAME_C": "Makumbura North", "GND_NO_Gaz": "498 A", "GND_NAME_G": "මාකුඹුර උතුර", "YEAR_CREAT": "2017", "DATA_SOURC": "Satellite Images", "MTD_CREATI": "Extracted on google with Interactive Participation of Grama Niladharies", "Extent": 1068545.8855399999, "Shape_Leng": 7111.41409148, "Shape_Area": 1068545.8855399999 }, "geometry": { "type": "Polygon", "coordinates": [ [ [ 413088.273000000044703, 482413.089199999347329 ], [ 413089.557900000363588, 482410.890799999237061 ], [ 413091.77419999986887, 482407.404899999499321 ], [ 413092.960900000296533, 482405.538399999961257 ], [ 413099.0, 482396.03999999910593 ], [ 413105.329900000244379, 482385.560000000521541 ], [ 413109.510200000368059, 482378.79839999973774 ], [ 413114.815899999812245, 482370.216299999505281 ], [ 413115.274299999698997, 482369.474500000476837 ], [ 413115.334699999541044, 482369.376800000667572 ], [ 413120.035199999809265, 482361.774000000208616 ], [ 413120.258500000461936, 482361.412900000810623 ], [ 413128.129999999888241, 482348.679999999701977 ], [ 413136.92989999987185, 482333.449999999254942 ], [ 413141.453300000168383, 482326.301999999210238 ], [ 413143.099899999797344, 482323.699999999254942 ], [ 413152.659900000318885, 482310.71000000089407 ], [ 413156.839999999850988, 482305.589999999850988 ], [ 413163.639999999664724, 482298.910000000149012 ], [ 413180.320000000298023, 482291.21000000089407 ], [ 413187.419900000095367, 482287.300000000745058 ], [ 413189.579900000244379, 482283.25 ], [ 413189.451799999922514, 482282.142500000074506 ], [ 413189.323599999770522, 482281.034900000318885 ], [ 413195.006599999964237, 482282.012900000438094 ], [ 413201.91440000012517, 482285.477900000289083 ], [ 413211.439399999566376, 482287.38289999961853 ], [ 413222.23450000025332, 482287.38289999961853 ], [ 413226.03940000012517, 482287.106200000271201 ], [ 413230.42989999987185, 482286.78690000064671 ], [ 413230.965699999593198, 482286.747899999842048 ], [ 413236.521999999880791, 482286.112900000065565 ], [ 413238.744500000029802, 482276.905300000682473 ], [ 413238.347799999639392, 482271.417199999094009 ], [ 413237.792000000365078, 482263.729100000113249 ], [ 413240.490699999965727, 482254.521500000730157 ], [ 413247.067800000309944, 482252.840700000524521 ], [ 413247.688299999572337, 482251.551599999889731 ], [ 413250.161600000225008, 482238.501499999314547 ], [ 413252.264700000174344, 482228.183100000023842 ], [ 413238.330099999904633, 482226.200099999085069 ], [ 413214.937699999660254, 482221.122099999338388 ], [ 413206.590099999681115, 482219.310100000351667 ], [ 413201.321000000461936, 482218.237800000235438 ], [ 413174.749900000169873, 482212.830000000074506 ], [ 413139.780100000090897, 482204.760099999606609 ], [ 413105.540000000037253, 482195.03999999910593 ], [ 413088.360000000335276, 482188.519999999552965 ], [ 413066.14989999961108, 482179.57010000012815 ], [ 413040.950699999928474, 482168.123400000855327 ], [ 413038.939899999648333, 482167.21000000089407 ], [ 413014.589900000020862, 482156.160000000149012 ], [ 413008.038099999539554, 482152.568499999120831 ], [ 413000.229500000365078, 482148.288200000301003 ], [ 412995.07010000012815, 482145.46000000089407 ], [ 412967.620000000111759, 482131.140100000426173 ], [ 412955.021300000138581, 482124.703900000080466 ], [ 412945.098500000312924, 482119.634600000455976 ], [ 412938.629999999888241, 482116.330000000074506 ], [ 412909.419999999925494, 482100.230100000277162 ], [ 412895.610100000165403, 482093.280099999159575 ], [ 412865.839999999850988, 482078.040100000798702 ], [ 412829.090099999681115, 482059.400000000372529 ], [ 412809.230000000447035, 482048.910000000149012 ], [ 412801.900000000372529, 482045.079900000244379 ], [ 412796.93709999974817, 482042.699999999254942 ], [ 412789.828700000420213, 482039.29109999909997 ], [ 412775.0, 482032.179999999701977 ], [ 412753.663800000213087, 482026.526799999177456 ], [ 412736.135099999606609, 482020.243000000715256 ], [ 412728.394299999810755, 482017.877800000831485 ], [ 412724.228900000452995, 482016.605000000447035 ], [ 412717.598000000230968, 482015.610300000756979 ], [ 412717.517400000244379, 482015.598200000822544 ], [ 412710.999699999578297, 482014.620600000023842 ], [ 412704.44620000012219, 482013.482999999076128 ], [ 412700.101700000464916, 482012.728800000622869 ], [ 412687.848500000312924, 482012.96680000051856 ], [ 412675.611499999649823, 482011.974799999967217 ], [ 412654.114199999719858, 482012.636199999600649 ], [ 412644.05420000012964, 482011.928300000727177 ], [ 412636.119900000281632, 482011.370100000873208 ], [ 412624.110100000165403, 482014.429999999701977 ], [ 412609.999900000169873, 482017.940199999138713 ], [ 412585.070000000298023, 482025.890000000596046 ], [ 412580.348500000312924, 482027.359099999070168 ], [ 412567.200000000186265, 482031.449999999254942 ], [ 412558.677400000393391, 482034.328600000590086 ], [ 412541.589999999850988, 482040.099999999627471 ], [ 412506.57010000012815, 482052.040100000798702 ], [ 412497.838499999605119, 482055.058700000867248 ], [ 412482.964200000278652, 482060.201199999079108 ], [ 412472.150000000372529, 482063.939999999478459 ], [ 412463.135300000198185, 482067.129000000655651 ], [ 412452.521800000220537, 482070.88370000012219 ], [ 412444.536000000312924, 482073.708699999377131 ], [ 412444.25, 482073.810000000521541 ], [ 412442.387799999676645, 482074.437999999150634 ], [ 412434.569099999964237, 482077.074699999764562 ], [ 412424.914800000376999, 482080.330399999395013 ], [ 412424.839100000448525, 482080.356000000610948 ], [ 412419.490000000223517, 482082.160000000149012 ], [ 412409.627899999730289, 482085.434900000691414 ], [ 412407.444500000216067, 482086.159900000318885 ], [ 412406.234899999573827, 482086.561499999836087 ], [ 412402.482099999673665, 482087.807800000533462 ], [ 412390.519999999552965, 482091.780099999159575 ], [ 412372.209999999962747, 482097.800100000575185 ], [ 412372.01630000025034, 482097.871700000017881 ], [ 412340.379999999888241, 482109.560000000521541 ], [ 412323.95920000039041, 482115.12639999948442 ], [ 412312.650000000372529, 482118.960100000724196 ], [ 412293.820199999958277, 482125.269999999552965 ], [ 412287.879900000058115, 482127.459899999201298 ], [ 412268.810100000351667, 482134.040200000628829 ], [ 412256.844399999827147, 482137.291300000622869 ], [ 412244.166799999773502, 482140.73619999922812 ], [ 412243.490100000053644, 482140.920099999755621 ], [ 412238.333499999716878, 482142.243699999526143 ], [ 412233.009899999946356, 482143.61009999923408 ], [ 412232.6091, 482143.699599999934435 ], [ 412224.010099999606609, 482145.620100000873208 ], [ 412208.540000000037253, 482148.130000000819564 ], [ 412204.378600000403821, 482148.602800000458956 ], [ 412193.839999999850988, 482149.800100000575185 ], [ 412175.200000000186265, 482151.980100000277162 ], [ 412171.423100000247359, 482152.349300000816584 ], [ 412157.299899999983609, 482153.730100000277162 ], [ 412141.07010000012815, 482155.840099999681115 ], [ 412126.510099999606609, 482158.670299999415874 ], [ 412106.919900000095367, 482164.210100000724196 ], [ 412079.550200000405312, 482176.210100000724196 ], [ 412070.740100000053644, 482180.42989999987185 ], [ 412051.370099999941885, 482189.930299999192357 ], [ 412028.759999999776483, 482201.009999999776483 ], [ 412024.9068, 482202.864000000059605 ], [ 412011.260200000368059, 482209.430099999532104 ], [ 412010.605299999937415, 482209.729599999263883 ], [ 411999.609699999913573, 482215.626599999144673 ], [ 411992.842000000178814, 482218.7179000005126 ], [ 411980.92200000025332, 482223.2179000005126 ], [ 411978.782200000248849, 482224.155300000682473 ], [ 411973.571999999694526, 482226.437899999320507 ], [ 411960.959099999628961, 482230.160700000822544 ], [ 411957.24199999962002, 482231.25789999961853 ], [ 411954.57799999974668, 482231.718299999833107 ], [ 411942.661999999545515, 482233.777899999171495 ], [ 411929.073900000192225, 482235.494100000709295 ], [ 411914.872000000439584, 482237.287900000810623 ], [ 411900.525999999605119, 482238.863299999386072 ], [ 411876.99199999962002, 482241.44789999909699 ], [ 411861.308500000275671, 482242.298900000751019 ], [ 411850.137400000356138, 482242.904999999329448 ], [ 411846.951999999582767, 482243.077899999916553 ], [ 411831.337100000120699, 482243.435499999672174 ], [ 411824.252000000327826, 482243.597899999469519 ], [ 411807.17200000025332, 482243.44789999909699 ], [ 411791.571999999694526, 482242.387900000438094 ], [ 411789.766800000332296, 482242.312899999320507 ], [ 411776.333100000396371, 482241.754399999976158 ], [ 411774.252000000327826, 482241.667899999767542 ], [ 411764.799800000153482, 482240.171399999409914 ], [ 411755.682000000029802, 482238.727900000289083 ], [ 411741.774000000208616, 482236.01659999974072 ], [ 411740.651999999769032, 482235.797900000587106 ], [ 411734.608599999919534, 482234.175799999386072 ], [ 411718.781999999657273, 482229.927899999544024 ], [ 411714.88150000013411, 482228.810699999332428 ], [ 411694.132000000216067, 482222.867900000885129 ], [ 411689.423100000247359, 482221.326099999248981 ], [ 411663.682000000029802, 482212.897900000214577 ], [ 411652.143500000238419, 482209.592000000178814 ], [ 411634.781999999657273, 482204.617900000885129 ], [ 411627.746399999596179, 482202.498700000345707 ], [ 411613.502000000327826, 482198.207900000736117 ], [ 411599.865799999795854, 482194.722300000488758 ], [ 411598.792000000365078, 482194.44789999909699 ], [ 411598.697200000286102, 482194.429099999368191 ], [ 411585.552000000141561, 482191.817900000140071 ], [ 411582.715400000102818, 482191.585200000554323 ], [ 411570.682000000029802, 482190.597899999469519 ], [ 411568.733300000429153, 482190.611300000920892 ], [ 411557.362599999643862, 482190.689099999144673 ], [ 411554.632000000216067, 482190.707900000736117 ], [ 411541.057799999602139, 482190.571299999952316 ], [ 411539.731999999843538, 482190.557900000363588 ], [ 411526.286500000394881, 482190.908700000494719 ], [ 411523.632000000216067, 482190.977900000289083 ], [ 411514.408999999985099, 482191.720200000330806 ], [ 411512.201999999582767, 482191.897900000214577 ], [ 411506.576100000180304, 482192.255499999970198 ], [ 411499.771999999880791, 482192.687899999320507 ], [ 411491.520200000144541, 482193.812300000339746 ], [ 411485.682000000029802, 482194.607899999246001 ], [ 411466.192200000397861, 482197.580000000074506 ], [ 411461.811999999918044, 482198.247899999842048 ], [ 411445.522900000214577, 482201.517599999904633 ], [ 411431.67200000025332, 482204.297900000587106 ], [ 411424.75829999987036, 482206.07120000012219 ], [ 411414.542500000447035, 482208.691500000655651 ], [ 411386.601999999955297, 482215.857899999246001 ], [ 411372.872000000439584, 482219.378000000491738 ], [ 411353.292000000365078, 482224.397900000214577 ], [ 411343.316599999554455, 482226.785399999469519 ], [ 411339.92200000025332, 482227.597899999469519 ], [ 411328.89049999974668, 482229.255599999800324 ], [ 411328.342000000178814, 482229.337899999693036 ], [ 411322.325299999676645, 482229.882200000807643 ], [ 411318.17200000025332, 482230.25789999961853 ], [ 411314.342000000178814, 482230.747899999842048 ], [ 411308.926900000311434, 482230.926200000569224 ], [ 411300.061999999918044, 482231.2179000005126 ], [ 411287.262000000104308, 482230.877900000661612 ], [ 411285.349799999967217, 482230.72550000064075 ], [ 411266.432000000029802, 482229.2179000005126 ], [ 411249.986100000329316, 482228.0793999992311 ], [ 411227.252299999818206, 482226.505499999970198 ], [ 411224.542000000365078, 482226.317900000140071 ], [ 411210.483799999579787, 482225.087899999693036 ], [ 411193.461600000038743, 482223.598600000143051 ], [ 411188.082000000402331, 482223.127900000661612 ], [ 411187.03830000013113, 482223.112099999561906 ], [ 411162.394600000232458, 482222.738299999386072 ], [ 411158.411999999545515, 482222.677899999544024 ], [ 411143.592000000178814, 482222.937899999320507 ], [ 411134.388000000268221, 482223.222799999639392 ], [ 411118.722000000067055, 482223.707900000736117 ], [ 411116.520499999634922, 482223.953999999910593 ], [ 411101.756099999882281, 482225.604399999603629 ], [ 411099.734000000171363, 482225.830399999395013 ], [ 411101.095200000330806, 482234.55320000089705 ], [ 411103.905100000090897, 482250.567800000309944 ], [ 411111.259899999946356, 482275.11769999936223 ], [ 411124.345599999651313, 482298.508600000292063 ], [ 411122.490000000223517, 482312.770600000396371 ], [ 411121.625500000081956, 482336.704500000923872 ], [ 411118.683699999935925, 482360.228900000452995 ], [ 411113.727699999697506, 482380.038799999281764 ], [ 411110.576200000010431, 482399.371799999848008 ], [ 411102.904699999839067, 482409.7179000005126 ], [ 411098.879700000397861, 482416.591299999505281 ], [ 411102.405799999833107, 482436.212400000542402 ], [ 411113.002999999560416, 482452.655799999833107 ], [ 411135.743999999947846, 482474.672700000926852 ], [ 411148.474299999885261, 482484.424699999392033 ], [ 411165.382500000298023, 482492.843699999153614 ], [ 411166.689699999988079, 482493.350600000470877 ], [ 411182.659799999557436, 482509.341700000688434 ], [ 411197.830299999564886, 482517.31389999948442 ], [ 411214.832499999552965, 482526.07039999961853 ], [ 411231.033499999903142, 482530.676599999889731 ], [ 411247.221499999985099, 482530.519300000742078 ], [ 411259.838700000196695, 482533.150399999693036 ], [ 411271.824300000444055, 482538.931399999186397 ], [ 411280.13300000037998, 482545.152000000700355 ], [ 411288.303100000135601, 482551.056900000199676 ], [ 411298.877000000327826, 482563.599600000306964 ], [ 411312.044599999673665, 482568.787499999627471 ], [ 411329.824599999934435, 482570.057499999180436 ], [ 411352.13190000038594, 482567.885700000450015 ], [ 411353.854199999943376, 482567.99269999936223 ], [ 411372.128499999642372, 482576.838199999183416 ], [ 411370.712000000290573, 482585.25789999961853 ], [ 411369.771999999880791, 482589.747899999842048 ], [ 411369.369099999777973, 482591.488399999216199 ], [ 411369.052000000141561, 482592.857899999246001 ], [ 411368.872600000351667, 482597.976999999955297 ], [ 411368.832000000402331, 482599.137900000438094 ], [ 411369.206500000320375, 482611.582299999892712 ], [ 411369.400999999605119, 482618.077899999916553 ], [ 411369.533999999985099, 482622.692399999126792 ], [ 411369.781999999657273, 482631.367900000885129 ], [ 411369.69539999961853, 482638.336400000378489 ], [ 411369.682000000029802, 482639.4079 ], [ 411369.412100000306964, 482642.531999999657273 ], [ 411368.951999999582767, 482647.857899999246001 ], [ 411368.42200000025332, 482651.7179000005126 ], [ 411367.560100000351667, 482656.450799999758601 ], [ 411367.281999999657273, 482657.977900000289083 ], [ 411366.042000000365078, 482662.667899999767542 ], [ 411363.212000000290573, 482668.50789999961853 ], [ 411359.972000000067055, 482676.127900000661612 ], [ 411359.142, 482678.307900000363588 ], [ 411354.340599999763072, 482688.199100000783801 ], [ 411352.151999999769032, 482692.707900000736117 ], [ 411350.462700000032783, 482695.797700000926852 ], [ 411345.252000000327826, 482705.327899999916553 ], [ 411344.809899999760091, 482706.373800000175834 ], [ 411344.795099999755621, 482706.408600000664592 ], [ 411342.981999999843538, 482710.69789999909699 ], [ 411340.17200000025332, 482720.307900000363588 ], [ 411339.082000000402331, 482724.9679000005126 ], [ 411338.531999999657273, 482729.047900000587106 ], [ 411337.432000000029802, 482736.567900000140071 ], [ 411335.552000000141561, 482749.347899999469519 ], [ 411334.451999999582767, 482753.6579 ], [ 411332.731999999843538, 482760.227900000289083 ], [ 411327.792000000365078, 482777.777899999171495 ], [ 411325.281999999657273, 482785.617900000885129 ], [ 411322.462000000290573, 482793.817900000140071 ], [ 411319.642, 482800.247899999842048 ], [ 411316.74199999962002, 482805.267899999395013 ], [ 411320.74199999962002, 482806.517899999395013 ], [ 411325.292000000365078, 482807.537900000810623 ], [ 411334.781999999657273, 482809.177899999544024 ], [ 411343.752000000327826, 482811.137900000438094 ], [ 411347.832000000402331, 482811.617900000885129 ], [ 411365.92200000025332, 482815.057900000363588 ], [ 411369.640700000338256, 482816.018799999728799 ], [ 411377.842000000178814, 482818.137900000438094 ], [ 411390.872000000439584, 482821.347899999469519 ], [ 411398.101999999955297, 482823.6579 ], [ 411418.292000000365078, 482831.287900000810623 ], [ 411427.021999999880791, 482835.597899999469519 ], [ 411434.651999999769032, 482839.417899999767542 ], [ 411457.941999999806285, 482851.457900000736117 ], [ 411469.792000000365078, 482859.987900000065565 ], [ 411470.703200000338256, 482859.589900000020862 ], [ 411472.561999999918044, 482858.777899999171495 ], [ 411475.082000000402331, 482857.997899999842048 ], [ 411477.911999999545515, 482857.237900000065565 ], [ 411479.841500000096858, 482857.159499999135733 ], [ 411481.111999999731779, 482857.107899999246001 ], [ 411483.24199999962002, 482857.067900000140071 ], [ 411483.604000000283122, 482857.093100000172853 ], [ 411483.647199999541044, 482857.096100000664592 ], [ 411485.111999999731779, 482857.19789999909699 ], [ 411491.212000000290573, 482858.037900000810623 ], [ 411498.122000000439584, 482859.017899999395013 ], [ 411505.481999999843538, 482860.347899999469519 ], [ 411527.271999999880791, 482864.667899999767542 ], [ 411539.451999999582767, 482867.417899999767542 ], [ 411545.788099999539554, 482868.825099999085069 ], [ 411545.832899999804795, 482868.835100000724196 ], [ 411546.28249999973923, 482863.884199999272823 ], [ 411548.191800000146031, 482857.367300000041723 ], [ 411551.170400000177324, 482841.9206000007689 ], [ 411554.346900000236928, 482829.78830000013113 ], [ 411556.891200000420213, 482820.918800000101328 ], [ 411579.010200000368059, 482823.840600000694394 ], [ 411595.720599999651313, 482824.4679000005126 ], [ 411606.341900000348687, 482822.493100000545382 ], [ 411611.0148, 482818.02559999935329 ], [ 411622.231599999591708, 482810.458000000566244 ], [ 411640.486100000329316, 482785.810100000351667 ], [ 411656.634600000455976, 482760.808800000697374 ], [ 411676.126699999906123, 482697.719200000166893 ], [ 411679.860100000165403, 482678.928600000217557 ], [ 411690.228400000371039, 482664.790500000119209 ], [ 411710.242700000293553, 482650.672499999403954 ], [ 411728.845499999821186, 482608.112199999392033 ], [ 411742.807300000451505, 482580.573000000789762 ], [ 411760.657399999909103, 482550.585699999704957 ], [ 411768.690299999900162, 482537.1864 ], [ 411774.282599999569356, 482539.057499999180436 ], [ 411799.478500000201166, 482546.77930000051856 ], [ 411804.696999999694526, 482549.016499999910593 ], [ 411825.664599999785423, 482558.005400000140071 ], [ 411855.490600000135601, 482567.536599999293685 ], [ 411870.36670000012964, 482571.359600000083447 ], [ 411888.158400000073016, 482576.744999999180436 ], [ 411913.969399999827147, 482582.829900000244379 ], [ 411923.098000000230968, 482582.611999999731779 ], [ 411931.103400000371039, 482583.675100000575185 ], [ 411935.468999999575317, 482583.939699999988079 ], [ 411943.27419999986887, 482584.270400000736117 ], [ 411949.624200000427663, 482582.616800000891089 ], [ 411953.332799999974668, 482577.935599999502301 ], [ 411958.598899999633431, 482574.000499999150634 ], [ 411958.678299999795854, 482574.113399999216199 ], [ 411959.342000000178814, 482575.057900000363588 ], [ 411960.561999999918044, 482575.927899999544024 ], [ 411962.231999999843538, 482576.707900000736117 ], [ 411970.17200000025332, 482577.667899999767542 ], [ 411992.082000000402331, 482580.857899999246001 ], [ 411994.802000000141561, 482581.00789999961853 ], [ 411996.401999999769032, 482580.857899999246001 ], [ 411998.481999999843538, 482580.387900000438094 ], [ 411999.781999999657273, 482579.887900000438094 ], [ 412001.221499999985099, 482578.272399999201298 ], [ 412024.2171, 482581.629300000146031 ], [ 412027.011800000444055, 482581.473200000822544 ], [ 412062.613400000147521, 482579.5329 ], [ 412093.224200000055134, 482574.529500000178814 ], [ 412101.478199999779463, 482573.532299999147654 ], [ 412124.567300000227988, 482573.784800000488758 ], [ 412123.660000000149012, 482579.580000000074506 ], [ 412124.769999999552965, 482588.75 ], [ 412127.369900000281632, 482598.859999999403954 ], [ 412133.948400000110269, 482612.31980000063777 ], [ 412134.319899999536574, 482613.080000000074506 ], [ 412137.129900000058115, 482617.869999999180436 ], [ 412142.150100000202656, 482615.730000000447035 ], [ 412149.57010000012815, 482611.590099999681115 ], [ 412154.460099999792874, 482608.570199999958277 ], [ 412155.073499999940395, 482608.046900000423193 ], [ 412155.880300000309944, 482609.410099999979138 ], [ 412158.04009999986738, 482612.730000000447035 ], [ 412161.957999999634922, 482618.310000000521541 ], [ 412164.57010000012815, 482622.030099999159575 ], [ 412174.200100000016391, 482632.450200000777841 ], [ 412181.200100000016391, 482639.450099999085069 ], [ 412181.250300000421703, 482639.5 ], [ 412183.710099999792874, 482641.939999999478459 ], [ 412198.771999999880791, 482654.487299999222159 ], [ 412198.8273, 482654.53319999948144 ], [ 412200.120199999772012, 482655.610200000926852 ], [ 412202.51630000025034, 482657.206499999389052 ], [ 412214.410099999979138, 482665.130200000479817 ], [ 412226.589999999850988, 482671.130100000649691 ], [ 412231.07010000012815, 482673.200099999085069 ], [ 412232.179999999701977, 482673.689999999478459 ], [ 412234.320199999958277, 482674.488399999216199 ], [ 412242.095900000073016, 482677.38880000077188 ], [ 412243.519999999552965, 482677.920199999585748 ], [ 412247.534400000236928, 482679.015699999406934 ], [ 412262.169999999925494, 482683.010099999606609 ], [ 412275.005199999548495, 482684.995600000023842 ], [ 412275.105499999597669, 482685.011099999770522 ], [ 412279.299899999983609, 482685.660000000149012 ], [ 412294.619900000281632, 482686.720000000670552 ], [ 412294.629200000315905, 482686.719699999317527 ], [ 412299.96239999961108, 482686.563100000843406 ], [ 412299.958499999716878, 482686.779699999839067 ], [ 412302.262400000356138, 482686.495500000193715 ], [ 412314.70990000013262, 482686.130000000819564 ], [ 412337.790000000037253, 482684.650000000372529 ], [ 412344.002700000070035, 482683.906899999827147 ], [ 412344.059999999590218, 482683.900000000372529 ], [ 412359.621299999766052, 482682.082399999722838 ], [ 412360.070000000298023, 482682.029999999329448 ], [ 412385.14989999961108, 482679.410099999979138 ], [ 412395.862099999561906, 482678.195900000631809 ], [ 412402.929999999701977, 482657.171499999240041 ], [ 412408.729199999943376, 482641.915500000119209 ], [ 412422.687800000421703, 482623.825600000098348 ], [ 412425.049700000323355, 482620.764599999412894 ], [ 412438.179100000299513, 482616.153100000694394 ], [ 412457.728199999779463, 482616.47690000012517 ], [ 412478.462799999862909, 482614.670299999415874 ], [ 412499.918700000271201, 482614.45380000025034 ], [ 412522.543399999849498, 482617.16469999961555 ], [ 412551.187199999578297, 482628.825500000268221 ], [ 412580.798899999819696, 482629.730000000447035 ], [ 412606.792799999937415, 482631.29869999922812 ], [ 412626.901800000108778, 482639.418600000441074 ], [ 412633.559999999590218, 482642.107200000435114 ], [ 412643.632500000298023, 482655.808700000867248 ], [ 412671.246899999678135, 482666.052799999713898 ], [ 412689.909699999727309, 482669.342499999329448 ], [ 412691.984600000083447, 482668.753000000491738 ], [ 412705.112399999983609, 482671.069599999114871 ], [ 412760.108500000089407, 482701.308900000527501 ], [ 412787.073599999770522, 482728.963999999687076 ], [ 412822.518199999816716, 482742.567399999126792 ], [ 412853.148199999704957, 482741.891000000759959 ], [ 412879.279199999757111, 482722.136700000613928 ], [ 412920.711900000460446, 482709.181800000369549 ], [ 412956.497600000351667, 482709.885600000619888 ], [ 412983.312800000421703, 482721.687400000169873 ], [ 412987.449900000356138, 482716.220000000670552 ], [ 412992.870000000111759, 482708.619999999180436 ], [ 412997.830000000074506, 482707.119999999180436 ], [ 413003.989900000393391, 482708.099999999627471 ], [ 413005.009999999776483, 482708.859999999403954 ], [ 413010.019899999722838, 482712.540100000798702 ], [ 413026.049999999813735, 482717.099999999627471 ], [ 413053.879999999888241, 482723.919999999925494 ], [ 413064.570000000298023, 482725.859999999403954 ], [ 413078.459999999962747, 482729.0 ], [ 413085.28000000026077, 482733.779999999329448 ], [ 413087.70990000013262, 482734.490000000223517 ], [ 413090.129999999888241, 482734.450099999085069 ], [ 413098.830000000074506, 482731.849999999627471 ], [ 413111.429999999701977, 482724.359999999403954 ], [ 413121.080000000074506, 482720.359999999403954 ], [ 413137.684100000187755, 482716.595799999311566 ], [ 413170.120600000023842, 482699.48619999922812 ], [ 413190.960099999792874, 482692.625900000333786 ], [ 413204.427600000053644, 482683.082000000402331 ], [ 413226.358599999919534, 482679.575899999588728 ], [ 413245.435899999924004, 482686.434699999168515 ], [ 413255.680499999783933, 482693.174799999222159 ], [ 413256.310200000181794, 482693.389200000092387 ], [ 413320.59389999974519, 482723.048900000751019 ], [ 413337.839999999850988, 482740.387800000607967 ], [ 413351.309000000357628, 482764.688799999654293 ], [ 413355.378399999812245, 482798.380699999630451 ], [ 413366.657599999569356, 482817.220799999311566 ], [ 413389.2955, 482830.398700000718236 ], [ 413408.48369999974966, 482822.058599999174476 ], [ 413433.956699999980628, 482827.052799999713898 ], [ 413457.446800000034273, 482840.57149999961257 ], [ 413471.556900000199676, 482858.933800000697374 ], [ 413499.669400000013411, 482887.326500000432134 ], [ 413515.701000000350177, 482912.194399999454618 ], [ 413537.371399999596179, 482933.53800000064075 ], [ 413540.160000000149012, 482934.330000000074506 ], [ 413549.388399999588728, 482936.355799999088049 ], [ 413550.0, 482936.490100000053644 ], [ 413562.269899999722838, 482938.240000000223517 ], [ 413563.836400000378489, 482938.253499999642372 ], [ 413570.033200000412762, 482938.306800000369549 ], [ 413576.230000000447035, 482938.359999999403954 ], [ 413577.749900000169873, 482938.300000000745058 ], [ 413577.64989999961108, 482936.25 ], [ 413575.339999999850988, 482932.53999999910593 ], [ 413564.679999999701977, 482928.660099999979138 ], [ 413557.290000000037253, 482926.380000000819564 ], [ 413556.290000000037253, 482919.380100000649691 ], [ 413557.919999999925494, 482911.600099999457598 ], [ 413561.019999999552965, 482906.46000000089407 ], [ 413564.480000000447035, 482897.630000000819564 ], [ 413567.477900000289083, 482891.094699999317527 ], [ 413567.480000000447035, 482891.090099999681115 ], [ 413567.160000000149012, 482882.640000000596046 ], [ 413564.940000000409782, 482875.259999999776483 ], [ 413560.349899999797344, 482867.540100000798702 ], [ 413553.599999999627471, 482860.11009999923408 ], [ 413546.589999999850988, 482855.180099999532104 ], [ 413539.320000000298023, 482851.350099999457598 ], [ 413532.39989999961108, 482848.849999999627471 ], [ 413525.190000000409782, 482846.810000000521541 ], [ 413519.879900000058115, 482841.240000000223517 ], [ 413515.370000000111759, 482835.589999999850988 ], [ 413516.079900000244379, 482825.130000000819564 ], [ 413516.849999999627471, 482815.779999999329448 ], [ 413513.540000000037253, 482814.609999999403954 ], [ 413510.230000000447035, 482813.439999999478459 ], [ 413502.859899999573827, 482814.150000000372529 ], [ 413498.717000000178814, 482814.353199999779463 ], [ 413493.889899999834597, 482814.589999999850988 ], [ 413487.059999999590218, 482809.220000000670552 ], [ 413485.400000000372529, 482801.380000000819564 ], [ 413486.127100000157952, 482799.900800000876188 ], [ 413489.190000000409782, 482793.669999999925494 ], [ 413487.980000000447035, 482790.619999999180436 ], [ 413472.569899999536574, 482782.310100000351667 ], [ 413472.174599999561906, 482782.020500000566244 ], [ 413467.331399999558926, 482778.472100000828505 ], [ 413463.779900000430644, 482775.869999999180436 ], [ 413455.910000000149012, 482768.410000000149012 ], [ 413450.279900000430644, 482761.350099999457598 ], [ 413446.619900000281632, 482750.720100000500679 ], [ 413444.259999999776483, 482742.370100000873208 ], [ 413439.42989999987185, 482732.53999999910593 ], [ 413433.919999999925494, 482722.679999999701977 ], [ 413432.4989, 482720.805400000885129 ], [ 413426.869900000281632, 482713.380100000649691 ], [ 413420.950000000186265, 482706.260099999606609 ], [ 413415.71999999973923, 482701.279999999329448 ], [ 413410.139499999582767, 482696.016200000420213 ], [ 413410.080000000074506, 482695.96000000089407 ], [ 413403.42989999987185, 482689.359999999403954 ], [ 413398.290000000037253, 482683.419999999925494 ], [ 413394.339999999850988, 482677.100099999457598 ], [ 413390.480000000447035, 482668.330000000074506 ], [ 413389.880300000309944, 482665.770300000905991 ], [ 413388.730000000447035, 482660.86009999923408 ], [ 413384.080000000074506, 482650.450099999085069 ], [ 413378.25, 482642.919999999925494 ], [ 413371.240000000223517, 482636.890000000596046 ], [ 413363.700000000186265, 482632.029999999329448 ], [ 413355.030199999921024, 482628.290100000798702 ], [ 413347.019999999552965, 482623.910000000149012 ], [ 413334.870000000111759, 482615.599999999627471 ], [ 413325.650000000372529, 482608.050000000745058 ], [ 413316.559899999760091, 482599.720100000500679 ], [ 413308.480000000447035, 482588.190099999308586 ], [ 413296.849899999797344, 482581.099999999627471 ], [ 413287.549999999813735, 482574.509999999776483 ], [ 413276.370000000111759, 482568.199999999254942 ], [ 413266.849899999797344, 482564.089999999850988 ], [ 413257.609899999573827, 482558.850099999457598 ], [ 413249.999900000169873, 482553.460100000724196 ], [ 413241.410199999809265, 482552.019999999552965 ], [ 413230.599999999627471, 482552.769999999552965 ], [ 413217.440000000409782, 482554.009999999776483 ], [ 413206.779900000430644, 482556.189999999478459 ], [ 413198.120000000111759, 482558.980000000447035 ], [ 413188.959999999962747, 482561.769999999552965 ], [ 413185.089999999850988, 482568.550000000745058 ], [ 413181.839999999850988, 482574.630100000649691 ], [ 413173.629999999888241, 482578.580099999904633 ], [ 413164.070000000298023, 482581.410000000149012 ], [ 413152.059999999590218, 482582.550000000745058 ], [ 413143.730000000447035, 482585.609999999403954 ], [ 413133.419999999925494, 482588.03999999910593 ], [ 413126.760700000450015, 482588.659199999645352 ], [ 413126.802600000053644, 482589.301699999719858 ], [ 413122.932500000111759, 482593.579199999570847 ], [ 413113.56290000025183, 482598.162100000306964 ], [ 413109.673100000247359, 482600.10700000077486 ], [ 413107.248599999584258, 482601.319199999794364 ], [ 413105.363800000399351, 482601.083599999547005 ], [ 413101.060800000093877, 482602.058800000697374 ], [ 413094.854899999685585, 482603.465299999341369 ], [ 413072.871199999935925, 482608.7972999997437 ], [ 413058.548299999907613, 482612.130799999460578 ], [ 413038.551900000311434, 482610.177400000393391 ], [ 413032.642699999734759, 482609.166400000452995 ], [ 413034.505199999548495, 482594.974099999293685 ], [ 413036.367700000293553, 482580.7818 ], [ 413036.160000000149012, 482574.785900000482798 ], [ 413043.418800000101328, 482558.273700000718236 ], [ 413047.228799999691546, 482535.625399999320507 ], [ 413047.563299999572337, 482530.050400000065565 ], [ 413048.498800000175834, 482514.458699999377131 ], [ 413050.827100000344217, 482508.531999999657273 ], [ 413055.060499999672174, 482497.10190000012517 ], [ 413059.505499999970198, 482482.496899999678135 ], [ 413062.541799999773502, 482461.813999999314547 ], [ 413069.373499999754131, 482445.988800000399351 ], [ 413070.815399999730289, 482442.648700000718236 ], [ 413073.301599999889731, 482438.576199999079108 ], [ 413074.039900000207126, 482438.859999999403954 ], [ 413074.226999999955297, 482438.574599999934435 ], [ 413076.78000000026077, 482434.679999999701977 ], [ 413080.339999999850988, 482428.150000000372529 ], [ 413082.0636, 482424.807199999690056 ], [ 413085.459999999962747, 482418.220000000670552 ], [ 413086.734000000171363, 482415.722300000488758 ], [ 413088.273000000044703, 482413.089199999347329 ] ] ] } },
{ "type": "Feature", "properties": { "OBJECTID": 0, "GND_N": "Boralesgamuwa East A", "CM_Index": null, "GND_NO": "533", "GND_C": "050", "PROVINCE_N": "WESTERN", "PROVINCE_C": "1", "DISTRICT_N": "COLOMBO", "DISTRICT_C": "1", "DSD_N": "KESBEWA", "DSD_C": "36", "MC_UC_PC_N": null, "GND_NO_Cen": "533", "GND_NAME_C": "Boralesgamuwa East A", "GND_NO_Gaz": "533", "GND_NAME_G": "බොරලැස්ගමුව නැගෙන", "YEAR_CREAT": "2017", "DATA_SOURC": "Satellite Images", "MTD_CREATI": "Extracted on google with Interactive Participation of Grama Niladharies", "Extent": 774586.38855799998, "Shape_Leng": 3876.0277727500002, "Shape_Area": 774586.38855799998 }, "geometry": { "type": "Polygon", "coordinates": [ [ [ 404234.843500000424683, 482969.130400000140071 ], [ 404235.098100000061095, 482961.448699999600649 ], [ 404236.132000000216067, 482930.247899999842048 ], [ 404237.734600000083447, 482915.211300000548363 ], [ 404237.882000000216067, 482913.827899999916553 ], [ 404240.182000000029802, 482901.087899999693036 ], [ 404248.531999999657273, 482877.687899999320507 ], [ 404252.139299999922514, 482867.656700000166893 ], [ 404253.522699999623001, 482863.809599999338388 ], [ 404261.262000000104308, 482842.287900000810623 ], [ 404265.08530000038445, 482832.947599999606609 ], [ 404267.401999999769032, 482827.287900000810623 ], [ 404270.410000000149012, 482818.601199999451637 ], [ 404274.652900000102818, 482806.347799999639392 ], [ 404276.771999999880791, 482800.227900000289083 ], [ 404278.481999999843538, 482794.797900000587106 ], [ 404281.722000000067055, 482783.977900000289083 ], [ 404286.472000000067055, 482759.267899999395013 ], [ 404289.321999999694526, 482739.557900000363588 ], [ 404289.892, 482724.587899999693036 ], [ 404289.892, 482707.867900000885129 ], [ 404289.930399999953806, 482700.763000000268221 ], [ 404290.042000000365078, 482680.097899999469519 ], [ 404290.224700000137091, 482679.388199999928474 ], [ 404291.082000000402331, 482676.057900000363588 ], [ 404293.191999999806285, 482671.75789999961853 ], [ 404311.962000000290573, 482645.537900000810623 ], [ 404319.682000000029802, 482634.637900000438094 ], [ 404332.492700000293553, 482614.223699999973178 ], [ 404336.361999999731779, 482608.057900000363588 ], [ 404346.222000000067055, 482591.187899999320507 ], [ 404353.512000000104308, 482574.807900000363588 ], [ 404360.082000000402331, 482559.497899999842048 ], [ 404361.74199999962002, 482549.887900000438094 ], [ 404363.212000000290573, 482537.647900000214577 ], [ 404363.762000000104308, 482531.667899999767542 ], [ 404363.729600000195205, 482531.661100000143051 ], [ 404354.182000000029802, 482529.647900000214577 ], [ 404354.610799999907613, 482525.772900000214577 ], [ 404355.252000000327826, 482519.977900000289083 ], [ 404356.392, 482498.44789999909699 ], [ 404357.311999999918044, 482489.847899999469519 ], [ 404358.182000000029802, 482483.857899999246001 ], [ 404359.432000000029802, 482478.927899999544024 ], [ 404360.981999999843538, 482476.417899999767542 ], [ 404363.302000000141561, 482474.387900000438094 ], [ 404383.8421, 482459.867900000885129 ], [ 404387.351999999955297, 482457.387900000438094 ], [ 404387.022099999710917, 482452.388000000268221 ], [ 404386.462100000120699, 482422.9679000005126 ], [ 404384.101999999955297, 482385.097999999299645 ], [ 404383.712000000290573, 482351.747899999842048 ], [ 404383.691999999806285, 482347.847899999469519 ], [ 404383.411999999545515, 482342.367900000885129 ], [ 404382.24199999962002, 482330.218000000342727 ], [ 404381.382000000216067, 482321.287900000810623 ], [ 404379.432000000029802, 482313.857899999246001 ], [ 404379.042600000277162, 482312.586200000718236 ], [ 404378.302000000141561, 482310.167899999767542 ], [ 404378.002000000327826, 482305.287900000810623 ], [ 404378.061999999918044, 482289.567900000140071 ], [ 404381.632000000216067, 482255.877900000661612 ], [ 404388.202100000344217, 482221.997899999842048 ], [ 404391.872000000439584, 482203.807900000363588 ], [ 404393.691999999806285, 482199.957900000736117 ], [ 404393.951999999582767, 482197.417999999597669 ], [ 404394.74210000038147, 482192.548000000417233 ], [ 404395.06209999974817, 482188.808000000193715 ], [ 404394.512000000104308, 482185.227800000458956 ], [ 404394.333300000056624, 482184.731599999591708 ], [ 404393.956000000238419, 482183.683599999174476 ], [ 404393.392099999822676, 482182.118000000715256 ], [ 404391.172100000083447, 482179.898000000044703 ], [ 404388.622000000439584, 482178.067900000140071 ], [ 404386.002000000327826, 482176.707900000736117 ], [ 404367.042100000195205, 482168.517899999395013 ], [ 404353.672100000083447, 482162.978000000119209 ], [ 404333.402099999599159, 482154.837999999523163 ], [ 404302.99210000038147, 482142.087999999523163 ], [ 404297.49199999962002, 482139.987999999895692 ], [ 404295.136199999600649, 482138.744899999350309 ], [ 404293.512099999934435, 482137.887900000438094 ], [ 404291.532100000418723, 482135.89780000038445 ], [ 404290.022099999710917, 482133.657999999821186 ], [ 404288.35190000012517, 482130.308000000193715 ], [ 404286.483199999667704, 482124.007999999448657 ], [ 404283.152099999599159, 482112.778000000864267 ], [ 404274.232099999673665, 482076.958000000566244 ], [ 404266.102099999785423, 482043.478000000119209 ], [ 404262.980600000359118, 482036.736999999731779 ], [ 404258.582100000232458, 482027.237999999895692 ], [ 404251.681900000199676, 482014.224799999967217 ], [ 404247.656899999827147, 482006.63399999961257 ], [ 404247.012000000104308, 482005.417999999597669 ], [ 404244.642, 482000.9679000005126 ], [ 404236.56209999974817, 481985.82799999974668 ], [ 404233.401999999769032, 481979.057900000363588 ], [ 404233.838100000284612, 481979.004399999976158 ], [ 404233.375099999830127, 481978.316899999976158 ], [ 404233.212000000290573, 481973.82799999974668 ], [ 404233.582000000402331, 481964.2179000005126 ], [ 404234.222000000067055, 481956.75789999961853 ], [ 404234.722000000067055, 481953.138000000268221 ], [ 404239.552000000141561, 481923.587999999523163 ], [ 404244.271999999880791, 481897.087899999693036 ], [ 404248.021999999880791, 481884.567900000140071 ], [ 404251.731999999843538, 481872.51799999922514 ], [ 404254.3421, 481867.497899999842048 ], [ 404257.002000000327826, 481863.397900000214577 ], [ 404259.691999999806285, 481858.977900000289083 ], [ 404261.42200000025332, 481854.347999999299645 ], [ 404262.182000000029802, 481850.677899999544024 ], [ 404262.42200000025332, 481847.227900000289083 ], [ 404262.071999999694526, 481844.888000000268221 ], [ 404261.542799999937415, 481843.579600000753999 ], [ 404260.322700000368059, 481840.563300000503659 ], [ 404261.933100000023842, 481839.369200000539422 ], [ 404263.192099999636412, 481838.437999999150634 ], [ 404264.61780000012368, 481837.615800000727177 ], [ 404265.932099999859929, 481836.857899999246001 ], [ 404274.888299999758601, 481829.894799999892712 ], [ 404276.401999999769032, 481828.718000000342727 ], [ 404285.478400000371039, 481820.832299999892712 ], [ 404288.358599999919534, 481818.330000000074506 ], [ 404280.244199999608099, 481808.575400000438094 ], [ 404267.120799999684095, 481792.065400000661612 ], [ 404256.960799999535084, 481782.963700000196695 ], [ 404262.04079999960959, 481762.220300000160933 ], [ 404257.298600000329316, 481758.659499999135733 ], [ 404256.902700000442564, 481755.520400000736117 ], [ 404253.51659999974072, 481753.425499999895692 ], [ 404245.629200000315905, 481750.471599999815226 ], [ 404237.589499999769032, 481747.386800000444055 ], [ 404233.334699999541044, 481744.565400000661612 ], [ 404233.34360000025481, 481740.879399999976158 ], [ 404237.148599999956787, 481733.270999999716878 ], [ 404239.764299999922514, 481727.489900000393391 ], [ 404242.258100000210106, 481722.322499999776483 ], [ 404238.091599999926984, 481719.607699999585748 ], [ 404231.49170000012964, 481716.163799999281764 ], [ 404222.794099999591708, 481712.644300000742078 ], [ 404215.396900000050664, 481712.176400000229478 ], [ 404215.213600000366569, 481712.16469999961555 ], [ 404209.74309999961406, 481716.550499999895692 ], [ 404205.953300000168383, 481721.063999999314547 ], [ 404191.188699999824166, 481744.233300000429153 ], [ 404184.271099999547005, 481742.843599999323487 ], [ 404174.966500000096858, 481738.239900000393391 ], [ 404167.970599999651313, 481735.540899999439716 ], [ 404161.031000000424683, 481733.076199999079108 ], [ 404154.8443, 481731.300300000235438 ], [ 404147.65500000026077, 481728.584599999710917 ], [ 404136.755499999970198, 481726.174900000914931 ], [ 404135.77419999986887, 481728.741699999198318 ], [ 404135.172799999825656, 481738.621600000187755 ], [ 404134.481399999931455, 481742.009199999272823 ], [ 404131.742600000463426, 481756.069299999624491 ], [ 404131.462100000120699, 481756.048000000417233 ], [ 404125.662200000137091, 481755.208000000566244 ], [ 404094.642099999822676, 481748.9079 ], [ 404084.724700000137091, 481746.365199999883771 ], [ 404084.41330000013113, 481746.285299999639392 ], [ 404079.002100000157952, 481744.897900000214577 ], [ 404072.686099999584258, 481743.014399999752641 ], [ 404070.552099999971688, 481742.378000000491738 ], [ 404069.952600000426173, 481742.170099999755621 ], [ 404069.02350000012666, 481741.847799999639392 ], [ 404060.692099999636412, 481738.958000000566244 ], [ 404048.612099999561906, 481734.227900000289083 ], [ 404019.731999999843538, 481721.128000000491738 ], [ 403999.782100000418723, 481712.097999999299645 ], [ 403996.552000000141561, 481710.637900000438094 ], [ 403982.872000000439584, 481703.097799999639392 ], [ 403970.911999999545515, 481716.237900000065565 ], [ 403961.311999999918044, 481728.247800000011921 ], [ 403952.712000000290573, 481740.287900000810623 ], [ 403949.50829999987036, 481745.74210000038147 ], [ 403943.502000000327826, 481755.9679000005126 ], [ 403930.739099999889731, 481778.532999999821186 ], [ 403907.592000000178814, 481819.457900000736117 ], [ 403875.411999999545515, 481880.907800000160933 ], [ 403871.802000000141561, 481887.617900000885129 ], [ 403865.691999999806285, 481898.397900000214577 ], [ 403853.061999999918044, 481921.957900000736117 ], [ 403845.031999999657273, 481936.4679000005126 ], [ 403839.071999999694526, 481946.217800000682473 ], [ 403831.341900000348687, 481958.177799999713898 ], [ 403827.74199999962002, 481963.327899999916553 ], [ 403817.231999999843538, 481979.057900000363588 ], [ 403805.44649999961257, 481996.63910000026226 ], [ 403803.872000000439584, 481998.987900000065565 ], [ 403802.731999999843538, 482000.9679000005126 ], [ 403797.351999999955297, 482010.307900000363588 ], [ 403789.811999999918044, 482025.927799999713898 ], [ 403781.851999999955297, 482046.857799999415874 ], [ 403779.521999999880791, 482053.707900000736117 ], [ 403778.031999999657273, 482058.867900000885129 ], [ 403775.771999999880791, 482071.4679000005126 ], [ 403776.431900000199676, 482097.627900000661612 ], [ 403777.931900000199676, 482123.817800000309944 ], [ 403778.208399999886751, 482141.873299999162555 ], [ 403778.231999999843538, 482143.417899999767542 ], [ 403777.67200000025332, 482163.667899999767542 ], [ 403776.88190000038594, 482170.947799999266863 ], [ 403775.111999999731779, 482179.617900000885129 ], [ 403773.231999999843538, 482187.327899999916553 ], [ 403771.838000000454485, 482191.964500000700355 ], [ 403771.42200000025332, 482193.347799999639392 ], [ 403769.851999999955297, 482197.707800000905991 ], [ 403768.361999999731779, 482201.237900000065565 ], [ 403765.231900000013411, 482206.047800000756979 ], [ 403764.462000000290573, 482209.547900000587106 ], [ 403761.311700000427663, 482215.856399999931455 ], [ 403760.38190000038594, 482217.7179000005126 ], [ 403755.892, 482225.857799999415874 ], [ 403744.731999999843538, 482244.147900000214577 ], [ 403741.311999999918044, 482248.537799999117851 ], [ 403737.642, 482253.867799999192357 ], [ 403720.260099999606609, 482276.280500000342727 ], [ 403716.461900000460446, 482281.177899999544024 ], [ 403697.607400000095367, 482304.350400000810623 ], [ 403695.49930000025779, 482306.941299999132752 ], [ 403693.712000000290573, 482309.137900000438094 ], [ 403678.537100000306964, 482326.218399999663234 ], [ 403676.191999999806285, 482328.857899999246001 ], [ 403669.002000000327826, 482337.14780000038445 ], [ 403666.802000000141561, 482340.207900000736117 ], [ 403664.882000000216067, 482342.827800000086427 ], [ 403647.941999999806285, 482364.667799999937415 ], [ 403633.521999999880791, 482386.887800000607967 ], [ 403626.101999999955297, 482399.027799999341369 ], [ 403622.701999999582767, 482403.597799999639392 ], [ 403616.851999999955297, 482414.437899999320507 ], [ 403614.122000000439584, 482418.587899999693036 ], [ 403613.653400000184774, 482418.28800000064075 ], [ 403612.165199999697506, 482421.904500000178814 ], [ 403611.704199999570847, 482423.024800000712276 ], [ 403611.526200000196695, 482423.070000000298023 ], [ 403609.74199999962002, 482426.7179000005126 ], [ 403607.712000000290573, 482433.737900000065565 ], [ 403605.462000000290573, 482439.457900000736117 ], [ 403602.981999999843538, 482445.437899999320507 ], [ 403599.70920000039041, 482452.849799999967217 ], [ 403594.393600000068545, 482464.887199999764562 ], [ 403591.00870000012219, 482472.553099999204278 ], [ 403590.851999999955297, 482472.9079 ], [ 403582.542000000365078, 482493.2179000005126 ], [ 403572.4852, 482510.75139999948442 ], [ 403571.082000000402331, 482513.19789999909699 ], [ 403562.197499999776483, 482524.815600000321865 ], [ 403560.230800000019372, 482527.387099999934435 ], [ 403559.411999999545515, 482528.457800000905991 ], [ 403547.382000000216067, 482540.777799999341369 ], [ 403538.462000000290573, 482548.977900000289083 ], [ 403532.531999999657273, 482553.867900000885129 ], [ 403521.582000000402331, 482563.807900000363588 ], [ 403507.332000000402331, 482576.437899999320507 ], [ 403502.571999999694526, 482581.427899999544024 ], [ 403500.439199999906123, 482583.969900000840425 ], [ 403496.681900000199676, 482588.44789999909699 ], [ 403495.682000000029802, 482589.64780000038445 ], [ 403491.101999999955297, 482595.757799999788404 ], [ 403485.842000000178814, 482604.457900000736117 ], [ 403483.701899999752641, 482608.417799999937415 ], [ 403478.502000000327826, 482619.397900000214577 ], [ 403474.771900000050664, 482629.377900000661612 ], [ 403474.41399999987334, 482630.653400000184774 ], [ 403471.24199999962002, 482641.957900000736117 ], [ 403464.951999999582767, 482663.097899999469519 ], [ 403459.67200000025332, 482679.817900000140071 ], [ 403453.502000000327826, 482704.247800000011921 ], [ 403449.484400000423193, 482719.830900000408292 ], [ 403448.472000000067055, 482723.75789999961853 ], [ 403442.811999999918044, 482745.027799999341369 ], [ 403437.021999999880791, 482771.067900000140071 ], [ 403431.49199999962002, 482799.50789999961853 ], [ 403431.266099999658763, 482800.846899999305606 ], [ 403430.436700000427663, 482809.877100000157952 ], [ 403429.184200000017881, 482816.3761 ], [ 403428.684700000099838, 482816.374600000679493 ], [ 403427.115600000135601, 482826.084300000220537 ], [ 403436.411999999545515, 482829.787900000810623 ], [ 403452.542000000365078, 482837.177899999544024 ], [ 403467.802000000141561, 482843.997800000011921 ], [ 403477.832000000402331, 482848.917799999937415 ], [ 403488.99199999962002, 482854.587899999693036 ], [ 403495.341599999926984, 482857.9054000005126 ], [ 403514.582000000402331, 482867.957900000736117 ], [ 403543.821999999694526, 482881.777899999171495 ], [ 403556.80489999987185, 482888.259500000625849 ], [ 403557.10190000012517, 482888.407800000160933 ], [ 403565.651999999769032, 482891.787900000810623 ], [ 403579.011900000274181, 482895.937899999320507 ], [ 403596.622000000439584, 482899.617900000885129 ], [ 403607.97690000012517, 482901.949799999594688 ], [ 403626.421900000423193, 482905.737900000065565 ], [ 403656.701899999752641, 482908.307900000363588 ], [ 403669.451999999582767, 482910.317800000309944 ], [ 403692.17200000025332, 482918.847899999469519 ], [ 403715.861999999731779, 482925.387800000607967 ], [ 403727.372000000439584, 482927.027799999341369 ], [ 403740.342000000178814, 482927.227900000289083 ], [ 403752.401999999769032, 482926.807900000363588 ], [ 403761.941999999806285, 482925.25789999961853 ], [ 403763.143699999898672, 482924.892000000923872 ], [ 403782.271999999880791, 482919.067900000140071 ], [ 403787.769799999892712, 482917.730100000277162 ], [ 403790.122000000439584, 482917.157800000160933 ], [ 403792.622000000439584, 482917.837899999693036 ], [ 403794.911999999545515, 482919.037799999117851 ], [ 403801.42200000025332, 482922.017899999395013 ], [ 403805.451999999582767, 482922.637800000607967 ], [ 403809.311999999918044, 482923.9079 ], [ 403811.101999999955297, 482925.567800000309944 ], [ 403812.844700000248849, 482927.1239 ], [ 403813.342000000178814, 482927.567900000140071 ], [ 403816.561999999918044, 482930.277799999341369 ], [ 403820.311999999918044, 482932.25789999961853 ], [ 403833.531999999657273, 482938.44789999909699 ], [ 403843.24199999962002, 482943.177799999713898 ], [ 403849.061900000087917, 482945.977800000458956 ], [ 403857.432000000029802, 482948.927899999544024 ], [ 403866.611899999901652, 482950.157800000160933 ], [ 403884.631299999542534, 482953.056900000199676 ], [ 403885.941999999806285, 482953.267799999564886 ], [ 403897.292000000365078, 482954.477900000289083 ], [ 403901.752000000327826, 482954.247899999842048 ], [ 403903.691899999976158, 482955.50789999961853 ], [ 403903.831899999640882, 482957.167799999937415 ], [ 403903.92200000025332, 482959.507799999788404 ], [ 403903.997600000351667, 482961.701199999079108 ], [ 403904.021999999880791, 482962.407800000160933 ], [ 403904.101999999955297, 482963.697799999266863 ], [ 403906.582000000402331, 482964.707800000905991 ], [ 403910.892, 482964.597799999639392 ], [ 403940.60190000012517, 482964.19789999909699 ], [ 403974.071999999694526, 482964.787900000810623 ], [ 403999.781999999657273, 482964.50789999961853 ], [ 403999.802000000141561, 482964.507699999958277 ], [ 404004.824000000022352, 482964.451500000432134 ], [ 404006.042000000365078, 482964.437899999320507 ], [ 404050.684899999760091, 482964.571299999952316 ], [ 404051.243900000117719, 482964.573100000619888 ], [ 404059.632000000216067, 482964.597899999469519 ], [ 404074.651999999769032, 482964.817900000140071 ], [ 404088.980000000447035, 482965.420700000599027 ], [ 404089.543600000441074, 482965.444399999454618 ], [ 404102.462000000290573, 482965.987900000065565 ], [ 404124.661999999545515, 482966.9679000005126 ], [ 404128.88910000026226, 482967.017899999395013 ], [ 404131.488800000399351, 482966.391799999400973 ], [ 404132.108099999837577, 482966.24269999936223 ], [ 404133.307599999941885, 482966.238299999386072 ], [ 404152.295599999837577, 482966.168899999931455 ], [ 404167.535699999891222, 482966.168899999931455 ], [ 404181.505699999630451, 482967.121400000527501 ], [ 404201.031999999657273, 482967.915100000798702 ], [ 404220.558299999684095, 482969.502599999308586 ], [ 404234.80599999986589, 482970.765399999916553 ], [ 404234.832000000402331, 482969.477900000289083 ], [ 404234.843500000424683, 482969.130400000140071 ] ] ] } },
{ "type": "Feature", "properties": { "OBJECTID": 0, "GND_N": "Boralesgamuwa West C", "CM_Index": null, "GND_NO": "533F", "GND_C": "035", "PROVINCE_N": "WESTERN", "PROVINCE_C": "1", "DISTRICT_N": "COLOMBO", "DISTRICT_C": "1", "DSD_N": "KESBEWA", "DSD_C": "36", "MC_UC_PC_N": null, "GND_NO_Cen": "533F", "GND_NAME_C": "Boralesgamuwa West C", "GND_NO_Gaz": "533 F", "GND_NAME_G": "බොරලැස්ගමුව බටහිර", "YEAR_CREAT": "2017", "DATA_SOURC": "Satellite Images", "MTD_CREATI": "Extracted on google with Interactive Participation of Grama Niladharies", "Extent": 538659.52486699994, "Shape_Leng": 3259.45170822, "Shape_Area": 538659.52486699994 }, "geometry": { "type": "Polygon", "coordinates": [ [ [ 402787.601999999955297, 482991.297900000587106 ], [ 402789.292000000365078, 482991.297900000587106 ], [ 402791.872000000439584, 482991.44789999909699 ], [ 402793.892, 482991.817800000309944 ], [ 402795.552000000141561, 482992.117900000885129 ], [ 402797.092000000178814, 482992.537900000810623 ], [ 402799.591900000348687, 482993.427899999544024 ], [ 402801.132000000216067, 482994.1579 ], [ 402804.052000000141561, 482995.847899999469519 ], [ 402804.985799999907613, 482996.492499999701977 ], [ 402844.10840000025928, 482987.662200000137091 ], [ 402854.854100000113249, 482989.680900000035763 ], [ 402880.955699999816716, 482984.953900000080466 ], [ 402903.220200000330806, 482977.343299999833107 ], [ 402919.714300000108778, 482963.413799999281764 ], [ 402943.459999999962747, 482948.695699999108911 ], [ 402962.41509999986738, 482940.290300000458956 ], [ 402969.258500000461936, 482930.762099999934435 ], [ 402971.679299999959767, 482927.39159999974072 ], [ 402972.213100000284612, 482926.648399999365211 ], [ 402969.278400000184774, 482919.113299999386072 ], [ 402973.83629999961704, 482911.903400000184774 ], [ 402984.354899999685585, 482906.915300000458956 ], [ 402994.564500000327826, 482912.211300000548363 ], [ 403004.935600000433624, 482917.591000000014901 ], [ 403018.441100000403821, 482907.891400000080466 ], [ 403024.822100000455976, 482898.215700000524521 ], [ 403032.11670000012964, 482888.253499999642372 ], [ 403046.207100000232458, 482882.963700000196695 ], [ 403064.393699999898672, 482886.228800000622869 ], [ 403076.841400000266731, 482891.235500000417233 ], [ 403083.244199999608099, 482897.210999999195337 ], [ 403090.895800000056624, 482910.464500000700355 ], [ 403097.501500000245869, 482925.932299999520183 ], [ 403105.951999999582767, 482931.687899999320507 ], [ 403127.910799999721348, 482931.636600000783801 ], [ 403152.314399999566376, 482932.878000000491738 ], [ 403154.347599999979138, 482923.840600000694394 ], [ 403154.138799999840558, 482912.900200000032783 ], [ 403158.44550000037998, 482872.681700000539422 ], [ 403169.390700000338256, 482859.892899999395013 ], [ 403182.528500000014901, 482843.06110000051558 ], [ 403183.876799999736249, 482823.316400000825524 ], [ 403196.231999999843538, 482822.527899999171495 ], [ 403205.481999999843538, 482822.147900000214577 ], [ 403217.252000000327826, 482821.707800000905991 ], [ 403232.981999999843538, 482821.14780000038445 ], [ 403247.451999999582767, 482820.587899999693036 ], [ 403267.851999999955297, 482819.777899999171495 ], [ 403285.411899999715388, 482819.087899999693036 ], [ 403301.256099999882281, 482818.304400000721216 ], [ 403312.815700000151992, 482818.027300000190735 ], [ 403324.095999999903142, 482817.456599999219179 ], [ 403352.206799999810755, 482816.034399999305606 ], [ 403367.771900000050664, 482816.138000000268221 ], [ 403368.601999999955297, 482816.117900000885129 ], [ 403371.682000000029802, 482815.727900000289083 ], [ 403373.061999999918044, 482815.6579 ], [ 403375.661899999715388, 482815.077800000086427 ], [ 403377.941999999806285, 482814.577899999916553 ], [ 403381.212000000290573, 482813.177899999544024 ], [ 403382.151999999769032, 482812.257799999788404 ], [ 403383.24199999962002, 482811.137800000607967 ], [ 403384.472000000067055, 482809.467800000682473 ], [ 403386.132000000216067, 482808.617900000885129 ], [ 403388.161999999545515, 482808.287900000810623 ], [ 403390.49199999962002, 482808.237900000065565 ], [ 403391.88190000038594, 482808.25789999961853 ], [ 403394.901999999769032, 482808.427899999544024 ], [ 403401.892, 482808.867799999192357 ], [ 403417.941899999976158, 482810.057800000533462 ], [ 403429.552000000141561, 482811.00789999961853 ], [ 403428.684700000099838, 482816.374600000679493 ], [ 403429.184200000017881, 482816.3761 ], [ 403430.436700000427663, 482809.877100000157952 ], [ 403431.266099999658763, 482800.846899999305606 ], [ 403431.49199999962002, 482799.50789999961853 ], [ 403437.021999999880791, 482771.067900000140071 ], [ 403442.811999999918044, 482745.027799999341369 ], [ 403448.472000000067055, 482723.75789999961853 ], [ 403449.484400000423193, 482719.830900000408292 ], [ 403453.502000000327826, 482704.247800000011921 ], [ 403459.67200000025332, 482679.817900000140071 ], [ 403464.951999999582767, 482663.097899999469519 ], [ 403471.24199999962002, 482641.957900000736117 ], [ 403474.41399999987334, 482630.653400000184774 ], [ 403474.771900000050664, 482629.377900000661612 ], [ 403478.502000000327826, 482619.397900000214577 ], [ 403483.701899999752641, 482608.417799999937415 ], [ 403485.842000000178814, 482604.457900000736117 ], [ 403491.101999999955297, 482595.757799999788404 ], [ 403495.682000000029802, 482589.64780000038445 ], [ 403496.681900000199676, 482588.44789999909699 ], [ 403500.439199999906123, 482583.969900000840425 ], [ 403502.571999999694526, 482581.427899999544024 ], [ 403507.332000000402331, 482576.437899999320507 ], [ 403521.582000000402331, 482563.807900000363588 ], [ 403532.531999999657273, 482553.867900000885129 ], [ 403538.462000000290573, 482548.977900000289083 ], [ 403547.382000000216067, 482540.777799999341369 ], [ 403559.411999999545515, 482528.457800000905991 ], [ 403560.230800000019372, 482527.387099999934435 ], [ 403562.197499999776483, 482524.815600000321865 ], [ 403571.082000000402331, 482513.19789999909699 ], [ 403572.4852, 482510.75139999948442 ], [ 403582.542000000365078, 482493.2179000005126 ], [ 403590.851999999955297, 482472.9079 ], [ 403591.00870000012219, 482472.553099999204278 ], [ 403594.393600000068545, 482464.887199999764562 ], [ 403599.70920000039041, 482452.849799999967217 ], [ 403602.981999999843538, 482445.437899999320507 ], [ 403605.462000000290573, 482439.457900000736117 ], [ 403607.712000000290573, 482433.737900000065565 ], [ 403609.74199999962002, 482426.7179000005126 ], [ 403611.526200000196695, 482423.070000000298023 ], [ 403611.704199999570847, 482423.024800000712276 ], [ 403612.165199999697506, 482421.904500000178814 ], [ 403613.653400000184774, 482418.28800000064075 ], [ 403610.122000000439584, 482416.027899999171495 ], [ 403600.582000000402331, 482408.237800000235438 ], [ 403590.682000000029802, 482402.907800000160933 ], [ 403587.591900000348687, 482401.547800000756979 ], [ 403572.99199999962002, 482395.937899999320507 ], [ 403561.671900000423193, 482391.897900000214577 ], [ 403550.632000000216067, 482387.687899999320507 ], [ 403537.542000000365078, 482383.957800000905991 ], [ 403527.781999999657273, 482381.277799999341369 ], [ 403519.941999999806285, 482379.037799999117851 ], [ 403510.481999999843538, 482376.427799999713898 ], [ 403500.712000000290573, 482373.747899999842048 ], [ 403470.771999999880791, 482365.337899999693036 ], [ 403458.432000000029802, 482362.017799999564886 ], [ 403448.221900000236928, 482359.097899999469519 ], [ 403438.901999999769032, 482356.777899999171495 ], [ 403435.17200000025332, 482355.817900000140071 ], [ 403430.74199999962002, 482354.727800000458956 ], [ 403422.49199999962002, 482353.507799999788404 ], [ 403415.081899999640882, 482353.237900000065565 ], [ 403408.972000000067055, 482353.887800000607967 ], [ 403406.111999999731779, 482354.067800000309944 ], [ 403403.842000000178814, 482354.377800000831485 ], [ 403398.462000000290573, 482355.517899999395013 ], [ 403389.091900000348687, 482357.487800000235438 ], [ 403379.151999999769032, 482359.9079 ], [ 403373.521999999880791, 482360.94789999909699 ], [ 403360.231999999843538, 482364.097899999469519 ], [ 403347.372000000439584, 482367.007799999788404 ], [ 403336.932000000029802, 482369.607899999246001 ], [ 403322.071999999694526, 482373.7179000005126 ], [ 403308.498300000093877, 482377.386499999091029 ], [ 403307.642, 482377.617900000885129 ], [ 403298.101999999955297, 482380.077899999916553 ], [ 403289.502000000327826, 482382.227900000289083 ], [ 403281.021999999880791, 482383.297800000756979 ], [ 403273.411899999715388, 482383.047900000587106 ], [ 403270.311999999918044, 482382.727900000289083 ], [ 403266.911999999545515, 482382.127900000661612 ], [ 403261.882000000216067, 482380.787799999117851 ], [ 403244.951999999582767, 482375.397900000214577 ], [ 403224.811999999918044, 482368.517899999395013 ], [ 403212.122000000439584, 482363.847899999469519 ], [ 403201.682000000029802, 482359.467800000682473 ], [ 403197.132000000216067, 482357.587799999862909 ], [ 403191.792000000365078, 482354.50789999961853 ], [ 403186.632000000216067, 482350.787799999117851 ], [ 403181.792000000365078, 482347.507799999788404 ], [ 403176.571999999694526, 482344.537799999117851 ], [ 403167.161999999545515, 482339.247899999842048 ], [ 403164.512000000104308, 482337.927899999544024 ], [ 403159.802000000141561, 482335.69789999909699 ], [ 403149.932000000029802, 482331.547900000587106 ], [ 403144.201999999582767, 482329.257799999788404 ], [ 403143.5777000002563, 482329.029200000688434 ], [ 403134.811999999918044, 482325.817900000140071 ], [ 403124.682000000029802, 482322.127900000661612 ], [ 403121.191999999806285, 482320.767899999395013 ], [ 403115.271900000050664, 482318.227900000289083 ], [ 403106.712000000290573, 482315.037900000810623 ], [ 403104.292000000365078, 482314.047800000756979 ], [ 403094.222000000067055, 482310.627800000831485 ], [ 403085.441999999806285, 482307.857899999246001 ], [ 403066.911999999545515, 482302.237900000065565 ], [ 403060.361899999901652, 482300.537900000810623 ], [ 403043.731999999843538, 482296.147900000214577 ], [ 403027.951899999752641, 482292.567900000140071 ], [ 403015.811900000087917, 482289.637900000438094 ], [ 403001.49199999962002, 482286.607899999246001 ], [ 402991.481999999843538, 482285.027799999341369 ], [ 402986.261199999600649, 482284.338800000026822 ], [ 402985.041899999603629, 482284.177899999544024 ], [ 402981.052000000141561, 482283.897900000214577 ], [ 402976.901999999769032, 482283.9679000005126 ], [ 402974.571999999694526, 482284.097899999469519 ], [ 402971.872000000439584, 482284.537799999117851 ], [ 402969.082000000402331, 482285.237800000235438 ], [ 402966.601999999955297, 482286.477900000289083 ], [ 402963.792000000365078, 482288.00789999961853 ], [ 402963.704800000414252, 482288.062000000849366 ], [ 402960.521999999880791, 482290.037900000810623 ], [ 402955.832000000402331, 482293.567800000309944 ], [ 402951.132000000216067, 482296.75789999961853 ], [ 402946.391900000162423, 482300.297900000587106 ], [ 402940.731999999843538, 482305.19789999909699 ], [ 402934.661999999545515, 482311.177899999544024 ], [ 402925.142, 482320.497899999842048 ], [ 402916.265999999828637, 482329.269899999722838 ], [ 402910.651999999769032, 482334.817900000140071 ], [ 402901.401999999769032, 482344.19789999909699 ], [ 402889.72829999960959, 482355.496099999174476 ], [ 402885.542000000365078, 482359.547900000587106 ], [ 402874.502000000327826, 482369.557800000533462 ], [ 402862.571999999694526, 482378.697799999266863 ], [ 402856.405500000342727, 482382.843299999833107 ], [ 402848.231999999843538, 482388.337899999693036 ], [ 402839.071999999694526, 482393.147900000214577 ], [ 402831.151999999769032, 482397.167899999767542 ], [ 402825.371899999678135, 482399.297900000587106 ], [ 402822.17200000025332, 482400.207900000736117 ], [ 402818.17200000025332, 482400.667799999937415 ], [ 402812.409400000236928, 482401.012800000607967 ], [ 402807.142, 482401.327899999916553 ], [ 402796.582000000402331, 482400.897900000214577 ], [ 402782.752000000327826, 482400.387800000607967 ], [ 402769.092000000178814, 482400.017899999395013 ], [ 402761.552000000141561, 482399.50789999961853 ], [ 402750.372000000439584, 482399.4679000005126 ], [ 402743.101999999955297, 482400.18779999949038 ], [ 402735.271999999880791, 482402.287900000810623 ], [ 402728.601999999955297, 482406.017899999395013 ], [ 402723.042000000365078, 482410.407800000160933 ], [ 402714.222000000067055, 482419.677899999544024 ], [ 402703.17200000025332, 482432.237900000065565 ], [ 402692.771999999880791, 482444.667799999937415 ], [ 402676.781999999657273, 482464.837899999693036 ], [ 402664.832000000402331, 482479.297900000587106 ], [ 402658.262000000104308, 482487.037900000810623 ], [ 402641.512000000104308, 482507.207900000736117 ], [ 402622.111999999731779, 482530.927899999544024 ], [ 402607.642, 482548.93779999949038 ], [ 402598.012000000104308, 482562.377900000661612 ], [ 402588.502000000327826, 482576.4679000005126 ], [ 402581.281999999657273, 482587.377800000831485 ], [ 402568.962000000290573, 482606.6579 ], [ 402559.951999999582767, 482621.75789999961853 ], [ 402552.592000000178814, 482634.817900000140071 ], [ 402549.302000000141561, 482642.057900000363588 ], [ 402542.74199999962002, 482655.987900000065565 ], [ 402537.762000000104308, 482666.027899999171495 ], [ 402529.382000000216067, 482680.997899999842048 ], [ 402514.462000000290573, 482705.367799999192357 ], [ 402507.935899999924004, 482717.065799999982119 ], [ 402502.221900000236928, 482727.307800000533462 ], [ 402501.385999999940395, 482728.894099999219179 ], [ 402498.494300000369549, 482734.381599999964237 ], [ 402497.857800000347197, 482735.589400000870228 ], [ 402494.601999999955297, 482741.767899999395013 ], [ 402493.472099999897182, 482743.9386 ], [ 402485.092000000178814, 482760.037900000810623 ], [ 402475.201999999582767, 482778.687899999320507 ], [ 402466.571999999694526, 482796.057900000363588 ], [ 402456.811999999918044, 482813.69789999909699 ], [ 402450.342000000178814, 482823.9679000005126 ], [ 402443.538599999621511, 482834.27250000089407 ], [ 402443.469899999909103, 482834.376700000837445 ], [ 402441.462000000290573, 482837.417899999767542 ], [ 402435.142, 482846.297900000587106 ], [ 402433.253700000233948, 482848.26039999909699 ], [ 402429.531999999657273, 482852.127800000831485 ], [ 402423.771999999880791, 482858.577899999916553 ], [ 402405.8277000002563, 482870.942199999466538 ], [ 402409.701999999582767, 482880.097899999469519 ], [ 402410.281999999657273, 482893.387900000438094 ], [ 402411.661999999545515, 482897.967800000682473 ], [ 402415.842000000178814, 482901.597799999639392 ], [ 402419.661999999545515, 482905.017799999564886 ], [ 402422.661999999545515, 482909.68779999949038 ], [ 402427.582000000402331, 482922.027899999171495 ], [ 402431.67200000025332, 482927.187899999320507 ], [ 402439.212000000290573, 482936.117900000885129 ], [ 402442.651999999769032, 482939.697799999266863 ], [ 402444.132299999706447, 482943.447200000286102 ], [ 402468.17200000025332, 482952.267899999395013 ], [ 402475.542000000365078, 482954.767799999564886 ], [ 402480.132000000216067, 482956.537900000810623 ], [ 402483.078099999576807, 482958.318399999290705 ], [ 402483.342000000178814, 482958.477900000289083 ], [ 402486.502000000327826, 482961.297900000587106 ], [ 402489.49199999962002, 482964.227900000289083 ], [ 402492.042000000365078, 482966.667899999767542 ], [ 402495.012000000104308, 482968.877900000661612 ], [ 402500.601999999955297, 482972.367900000885129 ], [ 402510.392, 482976.617900000885129 ], [ 402523.132000000216067, 482981.877900000661612 ], [ 402537.682000000029802, 482987.807900000363588 ], [ 402550.182000000029802, 482993.177799999713898 ], [ 402564.342000000178814, 482999.547900000587106 ], [ 402567.451999999582767, 483000.9679000005126 ], [ 402581.621899999678135, 483007.44789999909699 ], [ 402594.651999999769032, 483013.177899999544024 ], [ 402611.691999999806285, 483020.777899999171495 ], [ 402620.372000000439584, 483024.607799999415874 ], [ 402627.892, 483027.9079 ], [ 402638.201999999582767, 483032.267899999395013 ], [ 402641.271999999880791, 483033.827899999916553 ], [ 402646.611999999731779, 483037.207900000736117 ], [ 402649.052000000141561, 483038.977800000458956 ], [ 402650.722000000067055, 483039.727900000289083 ], [ 402651.601999999955297, 483039.987800000235438 ], [ 402652.832000000402331, 483040.227900000289083 ], [ 402655.851999999955297, 483037.9079 ], [ 402659.882000000216067, 483035.047900000587106 ], [ 402666.531999999657273, 483030.097899999469519 ], [ 402674.151999999769032, 483025.207900000736117 ], [ 402681.762000000104308, 483020.977800000458956 ], [ 402685.931900000199676, 483018.787900000810623 ], [ 402691.462000000290573, 483016.177899999544024 ], [ 402700.432000000029802, 483012.19789999909699 ], [ 402704.99199999962002, 483009.957800000905991 ], [ 402708.002000000327826, 483008.117900000885129 ], [ 402710.63190000038594, 483006.6579 ], [ 402713.012000000104308, 483005.50789999961853 ], [ 402714.941999999806285, 483004.517899999395013 ], [ 402717.302000000141561, 483003.817800000309944 ], [ 402719.941999999806285, 483003.257799999788404 ], [ 402722.781999999657273, 483002.777899999171495 ], [ 402727.071999999694526, 483002.147900000214577 ], [ 402730.611999999731779, 483001.867900000885129 ], [ 402735.361999999731779, 483001.237900000065565 ], [ 402737.002000000327826, 483000.9679000005126 ], [ 402747.151999999769032, 482999.297900000587106 ], [ 402754.621899999678135, 482997.847799999639392 ], [ 402761.651999999769032, 482995.957900000736117 ], [ 402770.582000000402331, 482994.117799999192357 ], [ 402778.092000000178814, 482992.507799999788404 ], [ 402781.632000000216067, 482991.857899999246001 ], [ 402785.701999999582767, 482991.357799999415874 ], [ 402787.601999999955297, 482991.297900000587106 ] ] ] } },
{ "type": "Feature", "properties": { "OBJECTID": 0, "GND_N": "Rathmaldeniya", "CM_Index": null, "GND_NO": "581C", "GND_C": "115", "PROVINCE_N": "WESTERN", "PROVINCE_C": "1", "DISTRICT_N": "COLOMBO", "DISTRICT_C": "1", "DSD_N": "KESBEWA", "DSD_C": "36", "MC_UC_PC_N": null, "GND_NO_Cen": "581C", "GND_NAME_C": "Rathmaldeniya", "GND_NO_Gaz": "581 C", "GND_NAME_G": "රත්මල්දෙණිය", "YEAR_CREAT": "2017", "DATA_SOURC": "Satellite Images", "MTD_CREATI": "Extracted on google with Interactive Participation of Grama Niladharies", "Extent": 1163767.75309, "Shape_Leng": 5604.9714549299997, "Shape_Area": 1163767.75309 }, "geometry": { "type": "Polygon", "coordinates": [ [ [ 409188.846099999733269, 482960.675100000575185 ], [ 409185.671099999919534, 482949.430299999192357 ], [ 409184.083599999547005, 482942.683399999514222 ], [ 409182.824400000274181, 482940.262499999254942 ], [ 409188.451999999582767, 482938.667899999767542 ], [ 409194.052000000141561, 482937.117900000885129 ], [ 409210.67200000025332, 482931.417899999767542 ], [ 409235.002000000327826, 482922.097899999469519 ], [ 409260.281999999657273, 482912.067900000140071 ], [ 409260.792000000365078, 482911.847899999469519 ], [ 409266.231999999843538, 482909.537900000810623 ], [ 409263.648400000296533, 482902.698699999600649 ], [ 409260.592000000178814, 482894.607899999246001 ], [ 409257.661999999545515, 482888.277899999171495 ], [ 409256.384600000455976, 482885.667500000447035 ], [ 409262.611100000329316, 482883.506999999284744 ], [ 409274.987399999983609, 482865.465700000524521 ], [ 409289.539599999785423, 482857.197399999946356 ], [ 409304.753100000321865, 482852.898000000044703 ], [ 409314.3443, 482854.88230000063777 ], [ 409322.2818, 482856.866699999198318 ], [ 409326.516499999910593, 482854.271299999207258 ], [ 409334.825000000186265, 482846.731799999251962 ], [ 409334.723399999551475, 482846.620300000533462 ], [ 409337.08530000038445, 482841.917700000107288 ], [ 409333.275299999862909, 482831.122700000181794 ], [ 409324.543999999761581, 482813.660199999809265 ], [ 409320.257699999958277, 482805.246400000527501 ], [ 409317.717699999921024, 482800.642599999904633 ], [ 409327.877799999900162, 482793.657600000500679 ], [ 409330.735299999825656, 482788.895099999383092 ], [ 409329.14780000038445, 482781.910099999979138 ], [ 409327.690600000321865, 482779.992799999192357 ], [ 409324.229600000195205, 482776.558900000527501 ], [ 409326.849000000394881, 482771.39949999935925 ], [ 409329.494099999777973, 482769.216299999505281 ], [ 409330.206899999640882, 482765.362299999222159 ], [ 409315.200699999928474, 482753.176300000399351 ], [ 409312.554800000041723, 482743.651300000026822 ], [ 409333.456899999640882, 482721.426200000569224 ], [ 409353.036199999973178, 482699.994899999350309 ], [ 409364.677799999713898, 482688.882400000467896 ], [ 409374.467400000430644, 482682.267799999564886 ], [ 409387.930900000035763, 482693.108500000089407 ], [ 409397.282599999569356, 482686.823200000450015 ], [ 409406.560100000351667, 482690.293400000780821 ], [ 409432.172600000165403, 482697.55489999987185 ], [ 409444.197800000198185, 482699.829500000923872 ], [ 409455.041699999943376, 482701.405899999663234 ], [ 409474.049599999561906, 482702.403300000354648 ], [ 409484.243200000375509, 482705.523700000718236 ], [ 409498.028800000436604, 482706.679400000721216 ], [ 409509.821000000461936, 482708.274700000882149 ], [ 409517.648599999956787, 482708.072100000455976 ], [ 409529.954300000332296, 482705.850299999117851 ], [ 409539.819199999794364, 482705.974300000816584 ], [ 409549.702399999834597, 482704.577600000426173 ], [ 409564.683899999596179, 482703.428999999538064 ], [ 409571.77240000013262, 482705.130100000649691 ], [ 409573.351999999955297, 482716.607899999246001 ], [ 409573.832100000232458, 482717.865299999713898 ], [ 409577.552000000141561, 482727.607899999246001 ], [ 409579.901999999769032, 482733.457900000736117 ], [ 409580.858900000341237, 482736.874800000339746 ], [ 409597.552699999883771, 482718.431700000539422 ], [ 409605.794700000435114, 482710.453900000080466 ], [ 409625.472199999727309, 482705.016699999570847 ], [ 409635.791000000201166, 482702.900000000372529 ], [ 409640.288900000043213, 482701.3125 ], [ 409645.051400000229478, 482697.079199999570847 ], [ 409646.62459999974817, 482692.501800000667572 ], [ 409645.513199999928474, 482691.452099999412894 ], [ 409640.685800000093877, 482686.892699999734759 ], [ 409634.203499999828637, 482681.997899999842048 ], [ 409628.358099999837577, 482673.347100000828505 ], [ 409599.309399999678135, 482665.364199999719858 ], [ 409599.121399999596179, 482664.661000000312924 ], [ 409594.722000000067055, 482648.207900000736117 ], [ 409591.252000000327826, 482649.287900000810623 ], [ 409562.045400000177324, 482581.501000000163913 ], [ 409559.252000000327826, 482575.017899999395013 ], [ 409544.462000000290573, 482537.797900000587106 ], [ 409541.361999999731779, 482530.2179000005126 ], [ 409534.722000000067055, 482527.497899999842048 ], [ 409529.191999999806285, 482506.767899999395013 ], [ 409532.722000000067055, 482501.457900000736117 ], [ 409536.141699999570847, 482497.995899999514222 ], [ 409528.990100000053644, 482468.211200000718236 ], [ 409510.612200000323355, 482434.74349999986589 ], [ 409489.987499999813735, 482389.65430000051856 ], [ 409485.80559999961406, 482380.511900000274181 ], [ 409457.091400000266731, 482358.100199999287724 ], [ 409439.353799999691546, 482329.307800000533462 ], [ 409435.640800000168383, 482323.280799999833107 ], [ 409435.537700000219047, 482322.816700000315905 ], [ 409435.341900000348687, 482321.935000000521541 ], [ 409420.490500000305474, 482255.06279999949038 ], [ 409420.010300000198185, 482252.900699999183416 ], [ 409420.71030000038445, 482219.779799999669194 ], [ 409421.612399999983609, 482177.098400000482798 ], [ 409423.038200000301003, 482163.462500000372529 ], [ 409421.332000000402331, 482133.50789999961853 ], [ 409422.142, 482127.628000000491738 ], [ 409423.481999999843538, 482118.267899999395013 ], [ 409421.592000000178814, 482105.377900000661612 ], [ 409414.571999999694526, 482083.047900000587106 ], [ 409407.191999999806285, 482067.117900000885129 ], [ 409397.305100000463426, 482047.315099999308586 ], [ 409396.981999999843538, 482046.667899999767542 ], [ 409385.101999999955297, 482027.9079 ], [ 409380.456199999898672, 482016.511399999260902 ], [ 409378.92200000025332, 482012.747899999842048 ], [ 409379.132000000216067, 482002.177899999544024 ], [ 409379.382000000216067, 482000.9679000005126 ], [ 409381.666899999603629, 481989.92710000090301 ], [ 409382.002000000327826, 481988.307900000363588 ], [ 409384.281999999657273, 481979.7179000005126 ], [ 409385.021999999880791, 481971.44789999909699 ], [ 409385.298299999907613, 481970.25029999949038 ], [ 409388.842000000178814, 481954.887900000438094 ], [ 409394.866899999789894, 481944.423000000417233 ], [ 409395.2489, 481943.392100000753999 ], [ 409398.655899999663234, 481937.690300000831485 ], [ 409405.763100000098348, 481925.796099999919534 ], [ 409413.661999999545515, 481915.7179000005126 ], [ 409416.858900000341237, 481909.838199999183416 ], [ 409436.038200000301003, 481889.654699999839067 ], [ 409452.466500000096858, 481866.929199999198318 ], [ 409461.970900000073016, 481859.830000000074506 ], [ 409462.816100000403821, 481858.549200000241399 ], [ 409472.380900000222027, 481844.05519999936223 ], [ 409472.904299999587238, 481843.410199999809265 ], [ 409473.680200000293553, 481842.453999999910593 ], [ 409488.168700000271201, 481824.599300000816584 ], [ 409504.233500000089407, 481816.589099999517202 ], [ 409518.339100000448525, 481813.082299999892712 ], [ 409529.830900000408292, 481816.68129999935627 ], [ 409533.710199999623001, 481818.869300000369549 ], [ 409534.691200000233948, 481819.42259999923408 ], [ 409547.485000000335276, 481826.638599999248981 ], [ 409563.850499999709427, 481831.5329 ], [ 409565.611999999731779, 481827.807900000363588 ], [ 409577.498999999836087, 481809.492599999532104 ], [ 409579.237800000235438, 481806.813500000163913 ], [ 409581.974200000055134, 481802.596899999305606 ], [ 409581.591099999845028, 481802.378399999812245 ], [ 409581.582999999634922, 481802.392500000074506 ], [ 409569.591699999757111, 481795.973799999803305 ], [ 409555.099899999797344, 481788.216700000688434 ], [ 409553.594600000418723, 481787.410900000482798 ], [ 409553.053299999795854, 481787.147700000554323 ], [ 409546.850200000219047, 481784.13150000013411 ], [ 409530.481999999843538, 481777.087899999693036 ], [ 409519.24199999962002, 481772.287900000810623 ], [ 409501.069099999964237, 481763.487700000405312 ], [ 409494.430900000035763, 481760.749099999666214 ], [ 409493.138000000268221, 481760.215700000524521 ], [ 409491.502700000070035, 481759.540999999269843 ], [ 409489.647699999623001, 481758.807199999690056 ], [ 409473.762000000104308, 481752.357899999246001 ], [ 409444.042000000365078, 481738.987900000065565 ], [ 409438.691999999806285, 481735.977900000289083 ], [ 409431.542000000365078, 481731.9079 ], [ 409430.930399999953806, 481731.616499999538064 ], [ 409424.972000000067055, 481728.777899999171495 ], [ 409412.401999999769032, 481724.547900000587106 ], [ 409378.280799999833107, 481713.589199999347329 ], [ 409368.281999999657273, 481710.377900000661612 ], [ 409355.582000000402331, 481706.617900000885129 ], [ 409341.132000000216067, 481701.577899999916553 ], [ 409315.502000000327826, 481692.567900000140071 ], [ 409308.092000000178814, 481689.087899999693036 ], [ 409298.411999999545515, 481685.297900000587106 ], [ 409283.462000000290573, 481680.117900000885129 ], [ 409271.361999999731779, 481674.887900000438094 ], [ 409259.222000000067055, 481670.517899999395013 ], [ 409248.502000000327826, 481666.087899999693036 ], [ 409246.502000000327826, 481664.577899999916553 ], [ 409245.951999999582767, 481663.75789999961853 ], [ 409245.722000000067055, 481662.597899999469519 ], [ 409246.456899999640882, 481661.330199999734759 ], [ 409251.142, 481653.247899999842048 ], [ 409254.642, 481643.587899999693036 ], [ 409256.472000000067055, 481632.387900000438094 ], [ 409255.441399999894202, 481632.001199999824166 ], [ 409249.701999999582767, 481629.847899999469519 ], [ 409236.821999999694526, 481625.107899999246001 ], [ 409220.122000000439584, 481619.207900000736117 ], [ 409207.342000000178814, 481613.037900000810623 ], [ 409188.122000000439584, 481605.7179000005126 ], [ 409178.521999999880791, 481598.557900000363588 ], [ 409163.361999999731779, 481592.547900000587106 ], [ 409150.614299999549985, 481586.29109999909997 ], [ 409149.201999999582767, 481585.597899999469519 ], [ 409132.811999999918044, 481580.307900000363588 ], [ 409102.142, 481568.9079 ], [ 409063.712000000290573, 481553.897900000214577 ], [ 409014.972000000067055, 481537.517899999395013 ], [ 408964.722000000067055, 481519.707900000736117 ], [ 408925.061999999918044, 481507.25789999961853 ], [ 408915.302000000141561, 481503.44789999909699 ], [ 408906.052000000141561, 481498.25789999961853 ], [ 408894.722000000067055, 481494.837899999693036 ], [ 408891.311999999918044, 481495.957900000736117 ], [ 408888.502000000327826, 481496.067900000140071 ], [ 408884.222000000067055, 481499.487900000065565 ], [ 408881.031999999657273, 481504.787900000810623 ], [ 408877.781999999657273, 481505.287900000810623 ], [ 408811.941999999806285, 481484.177899999544024 ], [ 408799.781999999657273, 481481.1579 ], [ 408799.382000000216067, 481481.057900000363588 ], [ 408796.601999999955297, 481480.44789999909699 ], [ 408788.661999999545515, 481479.567900000140071 ], [ 408699.762000000104308, 481483.077899999916553 ], [ 408660.951999999582767, 481484.897900000214577 ], [ 408659.67200000025332, 481485.057900000363588 ], [ 408659.170599999837577, 481485.107100000604987 ], [ 408657.803600000217557, 481485.241399999707937 ], [ 408657.9534, 481486.902499999850988 ], [ 408660.132000000216067, 481511.067900000140071 ], [ 408662.012000000104308, 481530.777899999171495 ], [ 408665.712000000290573, 481575.177899999544024 ], [ 408666.584999999962747, 481579.354800000786781 ], [ 408667.012000000104308, 481581.397900000214577 ], [ 408667.847599999979138, 481584.435900000855327 ], [ 408667.188099999912083, 481584.589500000700355 ], [ 408664.231999999843538, 481585.277899999171495 ], [ 408660.161999999545515, 481586.50789999961853 ], [ 408655.691999999806285, 481588.827899999916553 ], [ 408655.539800000376999, 481588.940400000661612 ], [ 408650.361999999731779, 481592.767899999395013 ], [ 408647.601999999955297, 481592.677899999544024 ], [ 408636.436200000345707, 481592.760800000280142 ], [ 408635.481999999843538, 481592.767899999395013 ], [ 408628.122000000439584, 481593.647900000214577 ], [ 408616.222000000067055, 481596.607899999246001 ], [ 408606.122399999760091, 481598.698400000110269 ], [ 408601.342000000178814, 481599.687899999320507 ], [ 408589.850300000049174, 481601.98450000025332 ], [ 408588.846499999985099, 481602.185000000521541 ], [ 408588.582000000402331, 481602.237900000065565 ], [ 408581.397099999710917, 481607.335999999195337 ], [ 408580.731999999843538, 481607.807900000363588 ], [ 408572.802000000141561, 481611.617900000885129 ], [ 408572.456699999980628, 481611.470499999821186 ], [ 408561.195299999788404, 481624.292199999094009 ], [ 408556.958200000226498, 481625.77309999987483 ], [ 408544.893099999986589, 481645.206299999728799 ], [ 408524.514000000432134, 481677.249199999496341 ], [ 408524.520800000056624, 481678.73200000077486 ], [ 408524.092299999669194, 481682.716000000014901 ], [ 408512.057699999772012, 481726.969699999317527 ], [ 408502.168300000019372, 481752.038899999111891 ], [ 408490.7045, 481760.484999999403954 ], [ 408449.366899999789894, 481774.773900000378489 ], [ 408446.270999999716878, 481788.82740000076592 ], [ 408468.873200000263751, 481799.289300000295043 ], [ 408466.166100000031292, 481837.234400000423193 ], [ 408459.659099999815226, 481867.658099999651313 ], [ 408461.8295, 481901.810799999162555 ], [ 408458.181200000457466, 481935.294800000265241 ], [ 408474.466199999675155, 481940.473200000822544 ], [ 408498.916699999943376, 481941.892500000074506 ], [ 408504.987099999561906, 481935.232699999585748 ], [ 408531.638199999928474, 481943.237999999895692 ], [ 408561.404699999839067, 481959.062699999660254 ], [ 408538.6091, 482007.317500000819564 ], [ 408528.857099999673665, 482027.513699999079108 ], [ 408519.278900000266731, 482054.287100000306964 ], [ 408512.321299999952316, 482060.384999999776483 ], [ 408506.862099999561906, 482067.337899999693036 ], [ 408501.811999999918044, 482076.417899999767542 ], [ 408487.981999999843538, 482102.517899999395013 ], [ 408478.092400000430644, 482120.145999999716878 ], [ 408465.402599999681115, 482142.765399999916553 ], [ 408464.352099999785423, 482144.637900000438094 ], [ 408462.896399999968708, 482147.232699999585748 ], [ 408488.762000000104308, 482171.00789999961853 ], [ 408500.792000000365078, 482185.387900000438094 ], [ 408504.352699999697506, 482190.137599999085069 ], [ 408504.516900000162423, 482190.356599999591708 ], [ 408506.752000000327826, 482193.337899999693036 ], [ 408501.231999999843538, 482198.9679000005126 ], [ 408499.991899999789894, 482201.0168999992311 ], [ 408492.938400000333786, 482212.670499999076128 ], [ 408487.201999999582767, 482222.147900000214577 ], [ 408456.92200000025332, 482272.817900000140071 ], [ 408456.078599999658763, 482274.267100000753999 ], [ 408439.542000000365078, 482302.677899999544024 ], [ 408434.5795, 482311.329700000584126 ], [ 408429.642, 482319.937899999320507 ], [ 408428.74309999961406, 482321.572100000455976 ], [ 408415.472000000067055, 482345.69789999909699 ], [ 408406.42200000025332, 482362.887900000438094 ], [ 408400.237900000065565, 482374.468699999153614 ], [ 408389.289800000376999, 482394.97069999948144 ], [ 408386.367300000041723, 482400.443499999120831 ], [ 408381.589700000360608, 482409.390300000086427 ], [ 408380.821999999694526, 482410.827899999916553 ], [ 408370.716799999587238, 482429.130300000309944 ], [ 408361.084499999880791, 482446.618200000375509 ], [ 408360.987499999813735, 482446.79700000025332 ], [ 408360.900700000114739, 482446.970300000160933 ], [ 408359.816800000146031, 482448.916999999433756 ], [ 408358.002000000327826, 482452.207900000736117 ], [ 408351.611999999731779, 482465.317900000140071 ], [ 408348.135700000450015, 482472.857300000265241 ], [ 408339.875500000081956, 482490.77170000039041 ], [ 408337.432500000111759, 482496.070000000298023 ], [ 408337.376799999736249, 482496.190700000151992 ], [ 408337.332000000402331, 482496.287900000810623 ], [ 408337.235100000165403, 482496.6568 ], [ 408339.372000000439584, 482496.677999999374151 ], [ 408339.977500000037253, 482496.684000000357628 ], [ 408365.712000000290573, 482496.937899999320507 ], [ 408384.972099999897182, 482502.897900000214577 ], [ 408387.981999999843538, 482506.19789999909699 ], [ 408411.92200000025332, 482524.6579 ], [ 408430.372100000269711, 482541.598099999129772 ], [ 408435.279199999757111, 482533.78969999961555 ], [ 408435.464100000448525, 482533.95380000025034 ], [ 408444.476400000043213, 482543.338400000706315 ], [ 408445.95990000013262, 482551.65430000051856 ], [ 408446.53899999987334, 482567.089400000870228 ], [ 408449.51630000025034, 482580.384700000286102 ], [ 408451.655399999581277, 482593.85329999960959 ], [ 408452.177000000141561, 482600.753499999642372 ], [ 408452.551900000311434, 482610.290300000458956 ], [ 408455.519299999810755, 482618.770400000736117 ], [ 408460.512500000186265, 482623.880400000140071 ], [ 408466.634899999946356, 482628.483599999919534 ], [ 408475.022099999710917, 482631.059399999678135 ], [ 408476.034099999815226, 482631.348400000482798 ], [ 408482.601800000295043, 482632.487600000575185 ], [ 408489.113699999637902, 482632.117799999192357 ], [ 408497.149500000290573, 482634.195299999788404 ], [ 408506.639899999834597, 482638.703400000929832 ], [ 408509.824300000444055, 482639.339199999347329 ], [ 408510.638600000180304, 482638.935499999672174 ], [ 408512.745500000193715, 482636.003200000151992 ], [ 408518.379399999976158, 482637.880799999460578 ], [ 408519.802000000141561, 482638.407999999821186 ], [ 408527.92200000025332, 482642.868000000715256 ], [ 408537.122100000269711, 482650.597899999469519 ], [ 408548.0921, 482658.097899999469519 ], [ 408555.952100000344217, 482661.337899999693036 ], [ 408564.642, 482663.75789999961853 ], [ 408568.955199999734759, 482668.241100000217557 ], [ 408568.531899999827147, 482671.098600000143051 ], [ 408571.389399999752641, 482673.956100000068545 ], [ 408576.257699999958277, 482676.390300000086427 ], [ 408581.020200000144541, 482679.036100000143051 ], [ 408585.465200000442564, 482677.448599999770522 ], [ 408593.876699999906123, 482671.101999999955297 ], [ 408604.650999999605119, 482665.288599999621511 ], [ 408610.823699999600649, 482656.893300000578165 ], [ 408627.907999999821186, 482645.334899999201298 ], [ 408649.697999999858439, 482612.621099999174476 ], [ 408660.488599999807775, 482587.298299999907613 ], [ 408661.432000000029802, 482588.087899999693036 ], [ 408668.222000000067055, 482581.637900000438094 ], [ 408673.685399999842048, 482574.950899999588728 ], [ 408674.561999999918044, 482573.877900000661612 ], [ 408677.462100000120699, 482572.357899999246001 ], [ 408678.0636, 482572.378299999982119 ], [ 408681.892, 482572.50789999961853 ], [ 408694.122000000439584, 482572.887900000438094 ], [ 408706.531999999657273, 482571.177899999544024 ], [ 408719.262000000104308, 482569.4679000005126 ], [ 408731.622000000439584, 482570.247899999842048 ], [ 408748.164499999955297, 482573.843699999153614 ], [ 408755.971900000236928, 482593.212400000542402 ], [ 408761.242499999701977, 482616.410000000149012 ], [ 408770.624499999918044, 482625.551999999210238 ], [ 408771.741899999789894, 482626.837200000882149 ], [ 408785.358, 482634.994699999690056 ], [ 408807.898699999786913, 482636.286299999803305 ], [ 408835.584999999962747, 482644.451400000602007 ], [ 408850.201799999922514, 482650.607599999755621 ], [ 408864.207499999552965, 482654.089099999517202 ], [ 408864.983900000341237, 482654.087799999862909 ], [ 408888.049300000071526, 482662.566299999132752 ], [ 408915.016099999658763, 482675.108200000599027 ], [ 408934.122000000439584, 482684.922900000587106 ], [ 408960.698300000280142, 482690.093399999663234 ], [ 408991.554399999789894, 482715.037699999287724 ], [ 409007.763500000350177, 482727.877599999308586 ], [ 409009.553999999538064, 482737.237500000745058 ], [ 409006.659500000067055, 482749.809000000357628 ], [ 409008.282200000248849, 482758.604100000113249 ], [ 409006.524000000208616, 482767.621400000527501 ], [ 409017.911500000394881, 482781.19480000063777 ], [ 409024.306699999608099, 482791.981100000441074 ], [ 409026.547600000165403, 482807.10359999909997 ], [ 409026.514000000432134, 482807.422700000926852 ], [ 409027.034900000318885, 482815.556700000539422 ], [ 409027.548299999907613, 482820.343900000676513 ], [ 409029.428399999625981, 482831.381899999454618 ], [ 409031.587899999693036, 482835.881100000813603 ], [ 409033.661999999545515, 482845.017899999395013 ], [ 409033.998399999924004, 482846.20130000077188 ], [ 409034.13910000026226, 482847.4831000007689 ], [ 409035.631599999964237, 482851.947100000455976 ], [ 409035.730000000447035, 482852.241399999707937 ], [ 409035.750500000081956, 482852.365299999713898 ], [ 409041.962000000290573, 482874.2179000005126 ], [ 409042.531200000084937, 482875.818499999120831 ], [ 409043.275999999605119, 482877.566899999976158 ], [ 409043.80420000012964, 482879.398600000888109 ], [ 409049.792000000365078, 482896.237900000065565 ], [ 409055.457299999892712, 482909.038599999621511 ], [ 409058.832899999804795, 482914.360400000587106 ], [ 409067.793999999761581, 482926.223099999129772 ], [ 409073.847099999897182, 482936.329600000753999 ], [ 409077.897300000302494, 482945.396800000220537 ], [ 409077.97620000038296, 482947.121200000867248 ], [ 409080.042000000365078, 482950.387900000438094 ], [ 409082.655600000172853, 482954.9386 ], [ 409085.682000000029802, 482960.207900000736117 ], [ 409090.2171, 482959.818299999460578 ], [ 409091.502000000327826, 482959.707900000736117 ], [ 409099.292000000365078, 482958.587899999693036 ], [ 409104.681300000287592, 482957.630599999800324 ], [ 409113.227900000289083, 483016.365599999204278 ], [ 409114.29009999986738, 483023.665300000458956 ], [ 409120.832000000402331, 483023.4079 ], [ 409133.119900000281632, 483022.337799999862909 ], [ 409137.021999999880791, 483021.997899999842048 ], [ 409141.061300000175834, 483021.528100000694394 ], [ 409141.310200000181794, 483021.499199999496341 ], [ 409148.608099999837577, 483020.650499999523163 ], [ 409150.521999999880791, 483020.427899999544024 ], [ 409151.545800000429153, 483020.240800000727177 ], [ 409151.503299999982119, 483019.915599999949336 ], [ 409152.377600000239909, 483016.264200000092387 ], [ 409152.489799999631941, 483010.869400000199676 ], [ 409152.245299999602139, 483010.258099999278784 ], [ 409150.340300000272691, 482989.726399999111891 ], [ 409154.150299999862909, 482982.529699999839067 ], [ 409174.4704, 482976.603000000119209 ], [ 409177.892300000414252, 482974.144799999892712 ], [ 409183.15749999973923, 482972.052200000733137 ], [ 409188.713800000026822, 482969.141799999400973 ], [ 409188.846099999733269, 482960.675100000575185 ] ] ] } },
{ "type": "Feature", "properties": { "OBJECTID": 0, "GND_N": "Rathmalana West", "CM_Index": null, "GND_NO": "546", "GND_C": "055", "PROVINCE_N": "WESTERN", "PROVINCE_C": "1", "DISTRICT_N": "COLOMBO", "DISTRICT_C": "1", "DSD_N": "RATMALANA", "DSD_C": "31", "MC_UC_PC_N": null, "GND_NO_Cen": "546", "GND_NAME_C": "Rathmalana West", "GND_NO_Gaz": "546", "GND_NAME_G": "රත්මලාන බටහිර", "YEAR_CREAT": "2017", "DATA_SOURC": "Satellite Images", "MTD_CREATI": "Extracted on google with Interactive Participation of Grama Niladharies", "Extent": 402846.59883700003, "Shape_Leng": 2877.6479081000002, "Shape_Area": 402846.59883700003 }, "geometry": { "type": "Polygon", "coordinates": [ [ [ 400470.177099999971688, 479195.312400000169873 ], [ 400464.407100000418723, 479191.522299999371171 ], [ 400449.667200000025332, 479183.582100000232458 ], [ 400442.927199999801815, 479180.182000000029802 ], [ 400432.838399999774992, 479174.445900000631809 ], [ 400423.527400000020862, 479169.152000000700355 ], [ 400409.707399999722838, 479161.011700000613928 ], [ 400400.667500000447035, 479156.341700000688434 ], [ 400393.137400000356138, 479151.661499999463558 ], [ 400395.267500000074506, 479147.571699999272823 ], [ 400397.75760000012815, 479142.991499999538064 ], [ 400401.933600000105798, 479134.725999999791384 ], [ 400403.107699999585748, 479132.401799999177456 ], [ 400414.447900000028312, 479109.201700000092387 ], [ 400429.028199999593198, 479081.031999999657273 ], [ 400455.918800000101328, 479026.24210000038147 ], [ 400469.689100000075996, 478998.762299999594688 ], [ 400482.359299999661744, 478972.212400000542402 ], [ 400490.559600000269711, 478956.202500000596046 ], [ 400494.839599999599159, 478948.342499999329448 ], [ 400500.689799999818206, 478937.652599999681115 ], [ 400508.759899999946356, 478922.912699999287724 ], [ 400512.509999999776483, 478915.702800000086427 ], [ 400514.980000000447035, 478910.932600000873208 ], [ 400541.360600000247359, 478856.362999999895692 ], [ 400565.800999999977648, 478810.30320000089705 ], [ 400595.059399999678135, 478753.307399999350309 ], [ 400599.518699999898672, 478744.620500000193715 ], [ 400602.581799999810755, 478738.653500000014901 ], [ 400603.471400000154972, 478736.628799999132752 ], [ 400604.440000000409782, 478734.424799999222159 ], [ 400606.241100000217557, 478730.325200000777841 ], [ 400604.801900000311434, 478730.05350000038743 ], [ 400601.474999999627471, 478729.416999999433756 ], [ 400601.142699999734759, 478729.314099999144673 ], [ 400600.750599999912083, 478729.192700000479817 ], [ 400590.871899999678135, 478725.893400000408292 ], [ 400589.123499999754131, 478725.423100000247359 ], [ 400584.998800000175834, 478724.3136 ], [ 400578.231900000013411, 478722.493300000205636 ], [ 400567.61600000038743, 478719.892500000074506 ], [ 400563.291899999603629, 478718.833100000396371 ], [ 400547.951999999582767, 478715.0329 ], [ 400530.022099999710917, 478711.062899999320507 ], [ 400525.151999999769032, 478709.452800000086427 ], [ 400516.522099999710917, 478706.492799999192357 ], [ 400489.712100000120699, 478697.542400000616908 ], [ 400487.371899999678135, 478696.644999999552965 ], [ 400475.682199999690056, 478692.162200000137091 ], [ 400472.642199999652803, 478691.102299999445677 ], [ 400461.35219999961555, 478687.512099999934435 ], [ 400458.322499999776483, 478686.652100000530481 ], [ 400454.947900000028312, 478685.693299999460578 ], [ 400453.85219999961555, 478685.381999999284744 ], [ 400449.122299999929965, 478683.892000000923872 ], [ 400434.122299999929965, 478680.311799999326468 ], [ 400427.342299999669194, 478678.261800000444055 ], [ 400413.576000000350177, 478674.083799999207258 ], [ 400410.372299999929965, 478673.111500000581145 ], [ 400402.322499999776483, 478669.911599999293685 ], [ 400392.332600000314415, 478664.3114 ], [ 400379.821100000292063, 478656.244100000709295 ], [ 400372.232599999755621, 478651.351199999451637 ], [ 400355.74280000012368, 478639.941099999472499 ], [ 400344.706500000320375, 478633.180099999532104 ], [ 400340.822800000198185, 478630.800799999386072 ], [ 400336.283599999733269, 478627.963899999856949 ], [ 400331.515100000426173, 478624.98200000077486 ], [ 400330.894299999810755, 478624.593900000676513 ], [ 400325.434500000439584, 478621.180800000205636 ], [ 400323.722799999639392, 478620.110600000247359 ], [ 400320.349499999545515, 478618.950699999928474 ], [ 400306.593000000342727, 478614.220599999651313 ], [ 400288.166100000031292, 478608.936200000345707 ], [ 400280.683000000193715, 478606.790300000458956 ], [ 400249.283099999651313, 478596.629899999126792 ], [ 400229.853099999949336, 478589.749600000679493 ], [ 400213.5932, 478583.869699999690056 ], [ 400202.875599999912083, 478579.77170000039041 ], [ 400185.163399999961257, 478572.999199999496341 ], [ 400164.54079999960959, 478565.057900000363588 ], [ 400144.35080000013113, 478557.28319999948144 ], [ 400144.183500000275671, 478557.218699999153614 ], [ 400144.2034, 478557.158700000494719 ], [ 400144.500599999912083, 478556.384800000116229 ], [ 400143.184399999678135, 478556.005400000140071 ], [ 400137.59250000026077, 478556.568199999630451 ], [ 400132.830000000074506, 478555.060100000351667 ], [ 400126.083100000396371, 478551.805700000375509 ], [ 400119.482400000095367, 478548.706000000238419 ], [ 400117.80350000038743, 478548.24269999936223 ], [ 400114.021200000308454, 478547.198999999091029 ], [ 400108.942400000058115, 478545.797499999403954 ], [ 400100.704199999570847, 478543.52419999986887 ], [ 400090.702899999916553, 478539.714199999347329 ], [ 400075.85120000038296, 478533.2820999994874 ], [ 400074.034199999645352, 478535.031099999323487 ], [ 400057.206600000150502, 478528.522299999371171 ], [ 400050.413399999961257, 478523.414499999955297 ], [ 400037.963100000284612, 478519.004899999126792 ], [ 400030.933699999935925, 478529.867599999532104 ], [ 400019.033599999733269, 478547.397600000724196 ], [ 400018.218299999833107, 478548.843299999833107 ], [ 400016.214599999599159, 478552.396199999377131 ], [ 400004.303199999965727, 478573.517300000414252 ], [ 400001.703200000338256, 478579.319299999624491 ], [ 399992.423100000247359, 478600.027300000190735 ], [ 399983.442699999548495, 478622.607200000435114 ], [ 399975.16260000038892, 478643.986999999731779 ], [ 399966.212199999950826, 478668.627100000157952 ], [ 399960.74210000038147, 478689.877199999988079 ], [ 399956.88190000038594, 478707.736999999731779 ], [ 399952.361700000241399, 478720.486800000071526 ], [ 399950.111600000411272, 478729.606899999082088 ], [ 399946.678299999795854, 478743.247700000181794 ], [ 399946.168499999679625, 478745.27309999987483 ], [ 399945.621399999596179, 478747.446900000795722 ], [ 399939.211199999786913, 478771.19679999910295 ], [ 399933.510999999940395, 478793.256699999794364 ], [ 399929.040699999779463, 478814.786699999123812 ], [ 399921.360500000417233, 478837.07660000026226 ], [ 399914.620299999602139, 478859.406500000506639 ], [ 399910.750199999660254, 478875.586500000208616 ], [ 399910.059999999590218, 478882.94649999961257 ], [ 399909.860000000335276, 478892.646500000730157 ], [ 399907.139700000174344, 478907.316500000655651 ], [ 399905.909799999557436, 478913.636499999091029 ], [ 399905.409799999557436, 478916.19649999961257 ], [ 399904.929700000211596, 478918.686499999836087 ], [ 399901.629399999976158, 478936.12639999948442 ], [ 399896.069299999624491, 478954.936499999836087 ], [ 399895.878299999982119, 478967.641400000080466 ], [ 399895.849100000225008, 478969.586400000378489 ], [ 399893.578999999910593, 478981.456399999558926 ], [ 399889.439000000245869, 478995.656400000676513 ], [ 399888.848899999633431, 478998.756300000473857 ], [ 399888.408999999985099, 478999.896299999207258 ], [ 399887.148900000378489, 479000.886399999260902 ], [ 399884.388799999840558, 479001.966299999505281 ], [ 399881.888700000010431, 479004.776200000196695 ], [ 399881.078700000420213, 479006.94620000012219 ], [ 399879.488800000399351, 479010.856300000101328 ], [ 399878.918600000441074, 479013.936300000175834 ], [ 399878.28870000038296, 479018.246200000867248 ], [ 399877.398599999956787, 479020.766200000420213 ], [ 399875.96860000025481, 479024.316199999302626 ], [ 399874.468500000424683, 479029.00620000064373 ], [ 399873.088499999605119, 479033.246200000867248 ], [ 399871.148400000296533, 479037.156199999153614 ], [ 399869.128499999642372, 479041.126199999824166 ], [ 399868.318300000391901, 479044.466099999845028 ], [ 399867.978400000371039, 479047.846200000494719 ], [ 399866.648299999535084, 479052.926100000739098 ], [ 399864.928199999965727, 479058.526100000366569 ], [ 399863.368200000375509, 479063.176200000569224 ], [ 399861.818199999630451, 479067.026200000196695 ], [ 399860.14809999987483, 479070.276200000196695 ], [ 399857.497999999672174, 479074.61600000038743 ], [ 399855.388100000098348, 479079.606100000441074 ], [ 399853.768000000156462, 479083.936000000685453 ], [ 399851.597900000400841, 479088.536000000312924 ], [ 399848.93790000025183, 479093.405999999493361 ], [ 399846.027800000272691, 479097.825899999588728 ], [ 399844.188000000081956, 479101.565999999642372 ], [ 399843.217699999921024, 479105.36600000038743 ], [ 399841.927699999883771, 479109.035900000482798 ], [ 399840.307699999772012, 479111.596000000834465 ], [ 399838.047600000165403, 479113.956000000238419 ], [ 399835.457700000144541, 479117.945900000631809 ], [ 399833.707600000314415, 479121.97580000013113 ], [ 399831.887699999846518, 479126.675799999386072 ], [ 399830.207499999552965, 479130.085799999535084 ], [ 399828.377399999648333, 479134.015799999237061 ], [ 399826.8277000002563, 479138.47580000013113 ], [ 399824.667299999855459, 479144.875700000673532 ], [ 399823.387299999594688, 479148.415699999779463 ], [ 399821.775299999862909, 479152.894400000572205 ], [ 399821.177299999631941, 479154.555600000545382 ], [ 399818.707200000062585, 479159.385700000450015 ], [ 399816.36710000038147, 479162.985700000077486 ], [ 399813.257100000046194, 479167.815700000151992 ], [ 399811.997100000269711, 479170.575699999928474 ], [ 399811.339300000108778, 479172.491200000047684 ], [ 399810.276999999769032, 479175.58559999987483 ], [ 399809.667399999685585, 479178.115800000727177 ], [ 399809.347099999897182, 479179.445599999278784 ], [ 399808.456899999640882, 479182.83559999987483 ], [ 399807.266699999570847, 479185.58699999935925 ], [ 399806.916899999603629, 479186.395600000396371 ], [ 399804.376899999566376, 479191.795499999076128 ], [ 399804.313900000415742, 479191.926699999719858 ], [ 399827.09499999973923, 479198.861300000920892 ], [ 399846.310100000351667, 479203.654699999839067 ], [ 399851.701299999840558, 479204.999600000679493 ], [ 399856.913099999539554, 479206.769099999219179 ], [ 399858.792000000365078, 479200.910000000149012 ], [ 399863.238300000317395, 479202.226800000295043 ], [ 399864.519399999640882, 479198.222400000318885 ], [ 399889.64989999961108, 479206.334000000730157 ], [ 399893.69510000012815, 479207.308199999853969 ], [ 399895.33669999986887, 479205.320499999448657 ], [ 399895.876799999736249, 479203.666600000113249 ], [ 399896.439799999818206, 479202.454900000244379 ], [ 399896.996799999848008, 479201.25650000013411 ], [ 399898.126899999566376, 479199.516499999910593 ], [ 399899.676799999549985, 479197.886600000783801 ], [ 399900.011199999600649, 479197.601099999621511 ], [ 399901.386800000444055, 479196.426599999889731 ], [ 399902.926799999549985, 479195.556600000709295 ], [ 399905.467000000178814, 479194.926699999719858 ], [ 399907.716900000348687, 479194.886700000613928 ], [ 399910.636800000444055, 479195.426599999889731 ], [ 399912.806900000199676, 479195.976700000464916 ], [ 399921.116799999959767, 479198.176699999719858 ], [ 399965.496700000017881, 479210.107100000604987 ], [ 399970.61670000012964, 479211.797199999913573 ], [ 399969.986800000071526, 479214.487199999392033 ], [ 399969.435600000433624, 479216.165599999949336 ], [ 399969.106599999591708, 479217.167199999094009 ], [ 399970.585400000214577, 479217.556500000879169 ], [ 399978.526700000278652, 479219.647299999371171 ], [ 399983.816599999554455, 479221.037399999797344 ], [ 400001.696600000374019, 479225.60050000064075 ], [ 400002.586500000208616, 479225.8277000002563 ], [ 400017.996600000187755, 479229.627699999138713 ], [ 400036.636599999852479, 479234.33809999935329 ], [ 400065.636400000192225, 479242.288200000301003 ], [ 400084.386599999852479, 479247.438400000333786 ], [ 400100.686300000175834, 479252.428600000217557 ], [ 400106.354399999603629, 479254.167899999767542 ], [ 400125.97620000038296, 479260.18889999948442 ], [ 400129.4068, 479261.243200000375509 ], [ 400131.417200000025332, 479261.860999999567866 ], [ 400132.956699999980628, 479262.33420000039041 ], [ 400134.150999999605119, 479262.701199999079108 ], [ 400134.581500000320375, 479262.833499999716878 ], [ 400140.066300000064075, 479264.518999999389052 ], [ 400141.698400000110269, 479264.9989 ], [ 400154.04619999974966, 479268.629200000315905 ], [ 400167.956100000068545, 479272.539300000295043 ], [ 400172.526300000026822, 479273.829299999400973 ], [ 400179.336199999786913, 479275.739399999380112 ], [ 400200.226099999621511, 479282.299599999561906 ], [ 400203.276100000366569, 479283.429700000211596 ], [ 400202.370600000023842, 479286.258099999278784 ], [ 400199.635999999940395, 479294.799599999561906 ], [ 400195.48589999973774, 479308.389499999582767 ], [ 400193.265700000338256, 479315.879599999636412 ], [ 400192.035699999891222, 479321.769600000232458 ], [ 400191.560300000011921, 479323.696699999272823 ], [ 400191.475599999539554, 479324.039599999785423 ], [ 400190.215599999763072, 479330.479599999263883 ], [ 400189.655500000342727, 479335.859600000083447 ], [ 400189.305499999783933, 479339.729599999263883 ], [ 400189.405399999581277, 479343.319599999114871 ], [ 400190.077600000426173, 479348.233999999240041 ], [ 400190.335500000044703, 479350.119500000029802 ], [ 400190.825400000438094, 479352.949500000104308 ], [ 400190.805499999783933, 479354.5296 ], [ 400190.705199999734759, 479355.615399999544024 ], [ 400190.605299999937415, 479356.699599999934435 ], [ 400189.825199999846518, 479360.929500000551343 ], [ 400188.055200000293553, 479369.89949999935925 ], [ 400186.16509999986738, 479378.329500000923872 ], [ 400182.174899999983609, 479391.189500000327826 ], [ 400181.585699999704957, 479393.038100000470877 ], [ 400178.684899999760091, 479402.139399999752641 ], [ 400174.904799999669194, 479412.84940000064671 ], [ 400173.644700000062585, 479416.859400000423193 ], [ 400169.724700000137091, 479421.909399999305606 ], [ 400168.434600000269711, 479423.689500000327826 ], [ 400167.934799999929965, 479425.279400000348687 ], [ 400167.799899999983609, 479426.738299999386072 ], [ 400171.22719999961555, 479425.792899999767542 ], [ 400187.191599999554455, 479423.374500000849366 ], [ 400200.156299999915063, 479419.538100000470877 ], [ 400235.444199999794364, 479408.835999999195337 ], [ 400247.393799999728799, 479406.359400000423193 ], [ 400252.870699999853969, 479404.4543999992311 ], [ 400260.649400000460446, 479400.088800000026822 ], [ 400264.537499999627471, 479393.965900000184774 ], [ 400293.462299999780953, 479371.622899999842048 ], [ 400299.494900000281632, 479367.455800000578165 ], [ 400315.190299999900162, 479352.935399999842048 ], [ 400332.721300000324845, 479341.879399999976158 ], [ 400335.650600000284612, 479340.031999999657273 ], [ 400340.571800000034273, 479335.110799999907613 ], [ 400345.202200000174344, 479330.580800000578165 ], [ 400356.448099999688566, 479319.578700000420213 ], [ 400358.986700000241399, 479318.102099999785423 ], [ 400366.72620000038296, 479313.600299999117851 ], [ 400371.290300000458956, 479309.1554000005126 ], [ 400388.411999999545515, 479294.35080000013113 ], [ 400388.814600000157952, 479294.051000000908971 ], [ 400389.30350000038743, 479293.580000000074506 ], [ 400409.995400000363588, 479275.688400000333786 ], [ 400416.812400000169873, 479268.118899999186397 ], [ 400420.979700000025332, 479263.47550000064075 ], [ 400425.662800000049174, 479257.839900000020862 ], [ 400437.728000000119209, 479244.505000000819564 ], [ 400438.168300000019372, 479243.924399999901652 ], [ 400441.339599999599159, 479239.742499999701977 ], [ 400474.674200000241399, 479199.820000000298023 ], [ 400475.49129999987781, 479198.841399999335408 ], [ 400470.177099999971688, 479195.312400000169873 ] ] ] } },
{ "type": "Feature", "properties": { "OBJECTID": 0, "GND_N": "Katukurunduwatta", "CM_Index": null, "GND_NO": "545A", "GND_C": "025", "PROVINCE_N": "WESTERN", "PROVINCE_C": "1", "DISTRICT_N": "COLOMBO", "DISTRICT_C": "1", "DSD_N": "RATMALANA", "DSD_C": "31", "MC_UC_PC_N": null, "GND_NO_Cen": "545A", "GND_NAME_C": "Katukurunduwatta", "GND_NO_Gaz": "545 A", "GND_NAME_G": "කටුකුරුඳුවත්ත", "YEAR_CREAT": "2017", "DATA_SOURC": "Satellite Images", "MTD_CREATI": "Extracted on google with Interactive Participation of Grama Niladharies", "Extent": 1124228.69331, "Shape_Leng": 4947.3448809499996, "Shape_Area": 1124228.69331 }, "geometry": { "type": "Polygon", "coordinates": [ [ [ 401312.042000000365078, 481244.077899999916553 ], [ 401318.342000000178814, 481188.947799999266863 ], [ 401306.811999999918044, 481187.747899999842048 ], [ 401300.582000000402331, 481187.357899999246001 ], [ 401295.38190000038594, 481186.847799999639392 ], [ 401285.231999999843538, 481185.4679000005126 ], [ 401274.67200000025332, 481183.94789999909699 ], [ 401253.052000000141561, 481180.19789999909699 ], [ 401233.042000000365078, 481176.347799999639392 ], [ 401227.061999999918044, 481175.727800000458956 ], [ 401220.901999999769032, 481174.817800000309944 ], [ 401205.292000000365078, 481171.957800000905991 ], [ 401188.731999999843538, 481168.637800000607967 ], [ 401163.252000000327826, 481164.107799999415874 ], [ 401149.132000000216067, 481161.147900000214577 ], [ 401139.462000000290573, 481158.687899999320507 ], [ 401132.321999999694526, 481157.707900000736117 ], [ 401124.111999999731779, 481156.637800000607967 ], [ 401116.392, 481154.777899999171495 ], [ 401103.471900000236928, 481152.597799999639392 ], [ 401083.971900000236928, 481149.307900000363588 ], [ 401051.722000000067055, 481143.247800000011921 ], [ 401031.351999999955297, 481139.547800000756979 ], [ 401011.392, 481136.027799999341369 ], [ 400995.911999999545515, 481132.287799999117851 ], [ 400984.24199999962002, 481129.327800000086427 ], [ 400980.542000000365078, 481127.807900000363588 ], [ 400976.542000000365078, 481124.857799999415874 ], [ 400973.552000000141561, 481121.277899999171495 ], [ 400972.851999999955297, 481118.167899999767542 ], [ 400972.262000000104308, 481111.307900000363588 ], [ 400972.245000000111759, 481110.876299999654293 ], [ 400972.041400000452995, 481105.722100000828505 ], [ 400971.981999999843538, 481104.2179000005126 ], [ 400972.157100000418723, 481102.618300000205636 ], [ 400973.142, 481093.617900000885129 ], [ 400974.582000000402331, 481076.917899999767542 ], [ 400974.745199999772012, 481075.809000000357628 ], [ 400977.081899999640882, 481059.927899999544024 ], [ 400977.667500000447035, 481053.26039999909699 ], [ 400979.281999999657273, 481034.877900000661612 ], [ 400979.335699999704957, 481034.54590000025928 ], [ 400977.70409999974072, 481034.029500000178814 ], [ 400956.781999999657273, 481027.4079 ], [ 400906.222000000067055, 481012.077800000086427 ], [ 400886.582000000402331, 481006.327899999916553 ], [ 400868.722000000067055, 481000.9679000005126 ], [ 400782.071999999694526, 480975.167799999937415 ], [ 400780.392, 480982.487800000235438 ], [ 400779.052000000141561, 480991.1579 ], [ 400778.661999999545515, 481000.9679000005126 ], [ 400778.451999999582767, 481006.397900000214577 ], [ 400777.142, 481039.237900000065565 ], [ 400775.811999999918044, 481068.827899999916553 ], [ 400775.694199999794364, 481071.091000000014901 ], [ 400775.525899999774992, 481080.484099999070168 ], [ 400775.177799999713898, 481081.012800000607967 ], [ 400774.771999999880791, 481088.807900000363588 ], [ 400774.432000000029802, 481091.89780000038445 ], [ 400774.052000000141561, 481093.1579 ], [ 400773.052000000141561, 481094.477800000458956 ], [ 400770.731900000013411, 481095.097799999639392 ], [ 400767.321999999694526, 481095.107899999246001 ], [ 400749.052000000141561, 481093.917799999937415 ], [ 400745.031999999657273, 481095.087899999693036 ], [ 400742.851999999955297, 481096.367900000885129 ], [ 400741.411999999545515, 481097.867900000885129 ], [ 400738.461900000460446, 481104.277799999341369 ], [ 400732.651999999769032, 481117.957900000736117 ], [ 400724.361999999731779, 481137.457800000905991 ], [ 400715.002000000327826, 481161.037799999117851 ], [ 400709.901999999769032, 481174.037900000810623 ], [ 400699.382000000216067, 481202.077899999916553 ], [ 400694.571999999694526, 481214.317900000140071 ], [ 400686.752000000327826, 481214.997899999842048 ], [ 400676.481999999843538, 481212.397900000214577 ], [ 400652.462000000290573, 481204.767899999395013 ], [ 400633.021999999880791, 481196.767899999395013 ], [ 400610.641900000162423, 481184.9079 ], [ 400597.682000000029802, 481175.297900000587106 ], [ 400593.17200000025332, 481171.307900000363588 ], [ 400581.441899999976158, 481156.437899999320507 ], [ 400562.821999999694526, 481128.897900000214577 ], [ 400557.521999999880791, 481120.067900000140071 ], [ 400550.161999999545515, 481112.757799999788404 ], [ 400542.331899999640882, 481105.977900000289083 ], [ 400534.332000000402331, 481100.187899999320507 ], [ 400527.382000000216067, 481095.50789999961853 ], [ 400515.012000000104308, 481087.6579 ], [ 400493.63190000038594, 481076.2179000005126 ], [ 400490.901999999769032, 481084.50789999961853 ], [ 400486.521999999880791, 481098.93779999949038 ], [ 400483.271900000050664, 481110.387900000438094 ], [ 400483.061599999666214, 481111.202600000426173 ], [ 400483.021599999628961, 481111.480799999088049 ], [ 400482.950500000268221, 481111.633400000631809 ], [ 400477.932000000029802, 481131.077899999916553 ], [ 400475.031999999657273, 481141.487900000065565 ], [ 400470.67200000025332, 481153.737900000065565 ], [ 400468.882000000216067, 481156.337899999693036 ], [ 400466.661999999545515, 481158.017899999395013 ], [ 400463.512000000104308, 481158.75789999961853 ], [ 400460.521999999880791, 481158.897900000214577 ], [ 400440.161999999545515, 481157.627900000661612 ], [ 400425.451999999582767, 481156.69789999909699 ], [ 400419.981999999843538, 481156.457900000736117 ], [ 400413.311999999918044, 481156.817800000309944 ], [ 400408.67200000025332, 481157.767899999395013 ], [ 400404.111999999731779, 481161.307900000363588 ], [ 400401.542000000365078, 481168.937899999320507 ], [ 400401.002000000327826, 481174.69789999909699 ], [ 400401.031999999657273, 481203.567900000140071 ], [ 400399.012000000104308, 481217.887900000438094 ], [ 400398.42200000025332, 481232.50789999961853 ], [ 400398.361999999731779, 481243.537799999117851 ], [ 400398.601999999955297, 481261.64780000038445 ], [ 400400.811999999918044, 481274.607899999246001 ], [ 400402.511900000274181, 481285.807900000363588 ], [ 400403.361999999731779, 481309.187899999320507 ], [ 400403.052000000141561, 481325.487800000235438 ], [ 400402.872000000439584, 481346.267899999395013 ], [ 400404.731999999843538, 481378.847899999469519 ], [ 400404.678299999795854, 481382.23340000025928 ], [ 400404.42200000025332, 481398.39780000038445 ], [ 400409.042000000365078, 481399.187899999320507 ], [ 400410.552199999801815, 481399.363800000399351 ], [ 400417.281999999657273, 481400.14780000038445 ], [ 400418.382000000216067, 481411.347799999639392 ], [ 400418.89919999986887, 481415.016200000420213 ], [ 400420.002000000327826, 481422.837899999693036 ], [ 400422.132000000216067, 481440.117900000885129 ], [ 400423.472000000067055, 481455.94789999909699 ], [ 400424.2027000002563, 481466.100299999117851 ], [ 400425.151899999938905, 481479.287900000810623 ], [ 400425.291899999603629, 481489.017899999395013 ], [ 400424.951999999582767, 481495.667899999767542 ], [ 400422.111999999731779, 481506.857799999415874 ], [ 400415.932000000029802, 481532.737900000065565 ], [ 400413.507100000046194, 481549.002599999308586 ], [ 400413.472000000067055, 481549.237900000065565 ], [ 400409.99199999962002, 481568.067900000140071 ], [ 400408.17200000025332, 481580.727900000289083 ], [ 400404.752000000327826, 481596.017899999395013 ], [ 400403.472000000067055, 481607.257799999788404 ], [ 400402.151999999769032, 481617.25789999961853 ], [ 400399.981999999843538, 481632.897900000214577 ], [ 400398.182000000029802, 481647.577899999916553 ], [ 400396.932000000029802, 481661.087799999862909 ], [ 400395.17200000025332, 481677.127900000661612 ], [ 400394.142, 481688.307900000363588 ], [ 400392.941999999806285, 481699.957800000905991 ], [ 400391.142, 481715.917899999767542 ], [ 400390.682000000029802, 481721.247899999842048 ], [ 400390.356999999843538, 481726.267100000753999 ], [ 400389.927799999713898, 481732.894200000911951 ], [ 400389.911999999545515, 481733.137900000438094 ], [ 400389.622000000439584, 481741.537799999117851 ], [ 400388.082000000402331, 481754.167799999937415 ], [ 400387.182000000029802, 481764.427799999713898 ], [ 400386.311999999918044, 481775.827800000086427 ], [ 400385.161999999545515, 481783.39780000038445 ], [ 400383.802000000141561, 481791.277899999171495 ], [ 400381.101999999955297, 481805.497899999842048 ], [ 400379.201999999582767, 481815.247800000011921 ], [ 400376.222000000067055, 481829.4679000005126 ], [ 400373.616600000299513, 481839.064600000157952 ], [ 400371.671900000423193, 481846.227800000458956 ], [ 400367.811999999918044, 481860.287799999117851 ], [ 400366.221800000406802, 481866.032800000160933 ], [ 400362.571999999694526, 481879.2179000005126 ], [ 400359.401999999769032, 481893.687899999320507 ], [ 400358.860999999567866, 481897.587799999862909 ], [ 400358.731999999843538, 481898.517899999395013 ], [ 400352.911999999545515, 481913.327899999916553 ], [ 400343.872000000439584, 481935.747800000011921 ], [ 400337.191999999806285, 481950.787799999117851 ], [ 400328.052000000141561, 481971.047800000756979 ], [ 400318.821999999694526, 481990.747899999842048 ], [ 400317.471199999563396, 481993.899800000712276 ], [ 400316.332000000402331, 481996.557800000533462 ], [ 400325.611999999731779, 482000.9679000005126 ], [ 400329.052000000141561, 482002.477900000289083 ], [ 400343.831899999640882, 482009.377900000661612 ], [ 400355.872000000439584, 482015.127900000661612 ], [ 400368.842000000178814, 482021.487900000065565 ], [ 400371.502000000327826, 482023.247899999842048 ], [ 400372.882000000216067, 482024.347899999469519 ], [ 400375.781999999657273, 482026.397900000214577 ], [ 400377.701999999582767, 482027.417899999767542 ], [ 400379.441999999806285, 482028.287900000810623 ], [ 400392.281999999657273, 482034.667899999767542 ], [ 400399.74199999962002, 482038.477900000289083 ], [ 400403.002000000327826, 482040.377900000661612 ], [ 400409.332000000402331, 482045.877800000831485 ], [ 400417.791899999603629, 482054.327800000086427 ], [ 400428.821999999694526, 482064.487900000065565 ], [ 400436.661999999545515, 482071.387800000607967 ], [ 400442.151999999769032, 482075.457900000736117 ], [ 400445.321999999694526, 482077.847899999469519 ], [ 400454.031999999657273, 482085.137900000438094 ], [ 400467.132000000216067, 482095.537900000810623 ], [ 400476.582000000402331, 482103.68779999949038 ], [ 400478.692499999888241, 482106.117300000041723 ], [ 400478.832000000402331, 482106.277899999171495 ], [ 400479.132000000216067, 482108.977900000289083 ], [ 400478.731999999843538, 482112.2179000005126 ], [ 400475.592000000178814, 482125.907800000160933 ], [ 400472.042000000365078, 482141.807900000363588 ], [ 400468.882000000216067, 482156.857799999415874 ], [ 400465.521999999880791, 482166.727800000458956 ], [ 400458.802000000141561, 482182.9079 ], [ 400456.122000000439584, 482189.387900000438094 ], [ 400454.364599999971688, 482192.356000000610948 ], [ 400452.289900000207126, 482195.859899999573827 ], [ 400461.861999999731779, 482202.19789999909699 ], [ 400477.872000000439584, 482213.247899999842048 ], [ 400482.642, 482217.067800000309944 ], [ 400491.611999999731779, 482223.057900000363588 ], [ 400500.592000000178814, 482229.737900000065565 ], [ 400533.891900000162423, 482253.857899999246001 ], [ 400538.981999999843538, 482257.377900000661612 ], [ 400557.802000000141561, 482270.627900000661612 ], [ 400576.092000000178814, 482283.267899999395013 ], [ 400580.030600000172853, 482286.155999999493361 ], [ 400586.642199999652803, 482291.004100000485778 ], [ 400587.289900000207126, 482291.479100000113249 ], [ 400588.152700000442564, 482292.111800000071526 ], [ 400588.572599999606609, 482292.419700000435114 ], [ 400589.252000000327826, 482292.917899999767542 ], [ 400589.877899999730289, 482293.371500000357628 ], [ 400615.031999999657273, 482311.597899999469519 ], [ 400615.533900000154972, 482311.950600000098348 ], [ 400642.512000000104308, 482330.9079 ], [ 400672.101999999955297, 482352.19789999909699 ], [ 400682.773000000044703, 482360.591199999675155 ], [ 400696.181900000199676, 482371.137900000438094 ], [ 400696.661999999545515, 482371.517899999395013 ], [ 400697.389600000344217, 482372.206499999389052 ], [ 400702.83530000038445, 482377.3597999997437 ], [ 400708.582000000402331, 482382.797900000587106 ], [ 400718.502000000327826, 482395.827899999916553 ], [ 400719.092000000178814, 482399.277799999341369 ], [ 400720.781999999657273, 482404.597899999469519 ], [ 400724.603600000031292, 482414.660399999469519 ], [ 400728.521999999880791, 482424.977900000289083 ], [ 400738.682000000029802, 482447.107799999415874 ], [ 400748.191999999806285, 482471.44789999909699 ], [ 400760.67200000025332, 482501.747899999842048 ], [ 400767.811999999918044, 482520.177899999544024 ], [ 400777.161999999545515, 482546.4679000005126 ], [ 400778.442999999970198, 482559.216499999165535 ], [ 400778.5954, 482560.733300000429153 ], [ 400799.781999999657273, 482549.457800000905991 ], [ 400811.611999999731779, 482543.577899999916553 ], [ 400816.052000000141561, 482540.937899999320507 ], [ 400819.342000000178814, 482538.337899999693036 ], [ 400821.911999999545515, 482535.387900000438094 ], [ 400824.972000000067055, 482528.027899999171495 ], [ 400828.962000000290573, 482516.957900000736117 ], [ 400834.711900000460446, 482499.467800000682473 ], [ 400839.951999999582767, 482482.147900000214577 ], [ 400843.199199999682605, 482470.130300000309944 ], [ 400844.430399999953806, 482465.573400000110269 ], [ 400846.042000000365078, 482458.817900000140071 ], [ 400851.571999999694526, 482436.427799999713898 ], [ 400854.901999999769032, 482423.477900000289083 ], [ 400856.150600000284612, 482418.366499999538064 ], [ 400857.882000000216067, 482411.277799999341369 ], [ 400859.292000000365078, 482407.9079 ], [ 400861.472000000067055, 482405.027799999341369 ], [ 400863.99199999962002, 482402.577899999916553 ], [ 400869.031999999657273, 482398.977900000289083 ], [ 400877.182000000029802, 482394.767899999395013 ], [ 400894.519000000320375, 482389.509099999442697 ], [ 400895.512000000104308, 482389.207900000736117 ], [ 400914.781999999657273, 482385.527799999341369 ], [ 400943.821999999694526, 482380.077899999916553 ], [ 400991.222000000067055, 482369.377800000831485 ], [ 401026.481900000013411, 482361.797900000587106 ], [ 401050.722000000067055, 482357.437899999320507 ], [ 401065.925099999643862, 482353.911399999633431 ], [ 401067.49199999962002, 482353.547900000587106 ], [ 401067.642, 482353.497899999842048 ], [ 401078.975899999961257, 482351.156899999827147 ], [ 401079.552000000141561, 482351.037900000810623 ], [ 401085.061999999918044, 482349.857899999246001 ], [ 401085.076299999840558, 482349.854900000616908 ], [ 401093.401999999769032, 482348.087899999693036 ], [ 401114.302000000141561, 482343.527799999341369 ], [ 401154.021900000050664, 482336.057900000363588 ], [ 401211.17200000025332, 482325.817900000140071 ], [ 401236.832000000402331, 482322.4079 ], [ 401254.191999999806285, 482319.44789999909699 ], [ 401267.899000000208616, 482317.229499999433756 ], [ 401272.542999999597669, 482316.477900000289083 ], [ 401275.262000000104308, 482316.037799999117851 ], [ 401285.601999999955297, 482314.667899999767542 ], [ 401294.351999999955297, 482312.237800000235438 ], [ 401339.832000000402331, 482302.69789999909699 ], [ 401359.071999999694526, 482299.347899999469519 ], [ 401403.031999999657273, 482289.977800000458956 ], [ 401408.67200000025332, 482288.627900000661612 ], [ 401413.552000000141561, 482288.027799999341369 ], [ 401418.182000000029802, 482287.457900000736117 ], [ 401422.464200000278652, 482286.07289999909699 ], [ 401423.901899999938905, 482285.607899999246001 ], [ 401425.380499999970198, 482285.147199999541044 ], [ 401427.088899999856949, 482284.615000000223517 ], [ 401425.207200000062585, 482281.08420000039041 ], [ 401424.179399999789894, 482279.155799999833107 ], [ 401417.276999999769032, 482262.021600000560284 ], [ 401409.694299999624491, 482232.919199999421835 ], [ 401407.70990000013262, 482224.84940000064671 ], [ 401406.122399999760091, 482215.985799999907613 ], [ 401404.534900000318885, 482209.635800000280142 ], [ 401405.328599999658763, 482200.63990000076592 ], [ 401405.990100000053644, 482185.95549999922514 ], [ 401405.460900000296533, 482164.656500000506639 ], [ 401404.138000000268221, 482149.972100000828505 ], [ 401402.153599999845028, 482132.77419999986887 ], [ 401398.449400000274181, 482121.793899999931455 ], [ 401393.55460000038147, 482103.140799999237061 ], [ 401386.781299999915063, 482087.054300000891089 ], [ 401382.548000000417233, 482069.48589999973774 ], [ 401379.902099999599159, 482059.855100000277162 ], [ 401377.573800000362098, 482045.990900000557303 ], [ 401376.832899999804795, 482036.889200000092387 ], [ 401377.467899999581277, 482013.5 ], [ 401377.467899999581277, 482000.694099999964237 ], [ 401378.843799999915063, 481983.654899999499321 ], [ 401379.796299999579787, 481972.119100000709295 ], [ 401378.949599999934435, 481963.652400000020862 ], [ 401376.515399999916553, 481956.138199999928474 ], [ 401371.223799999803305, 481947.142400000244379 ], [ 401368.577899999916553, 481941.427400000393391 ], [ 401361.80460000038147, 481933.701500000432134 ], [ 401354.290400000289083, 481927.033999999985099 ], [ 401343.918700000271201, 481917.932299999520183 ], [ 401334.393699999898672, 481908.936499999836087 ], [ 401324.868700000457466, 481901.21059999987483 ], [ 401314.391200000420213, 481893.908099999651313 ], [ 401303.384499999694526, 481887.452199999243021 ], [ 401292.166100000031292, 481881.10219999961555 ], [ 401285.521399999968708, 481876.825899999588728 ], [ 401276.996600000187755, 481873.799699999392033 ], [ 401268.635800000280142, 481871.153899999335408 ], [ 401262.710099999792874, 481869.472300000488758 ], [ 401252.972400000318885, 481866.70890000090003 ], [ 401245.352400000207126, 481862.157999999821186 ], [ 401244.245799999684095, 481861.313799999654293 ], [ 401235.979500000365078, 481855.00760000012815 ], [ 401235.993400000035763, 481854.921700000762939 ], [ 401234.054800000041723, 481854.144999999552965 ], [ 401236.510599999688566, 481842.912399999797344 ], [ 401237.101999999955297, 481840.137900000438094 ], [ 401242.071999999694526, 481806.117900000885129 ], [ 401246.582000000402331, 481768.347899999469519 ], [ 401250.592000000178814, 481737.537900000810623 ], [ 401254.159199999645352, 481711.19510000012815 ], [ 401256.182000000029802, 481696.257799999788404 ], [ 401260.853799999691546, 481656.72719999961555 ], [ 401261.751899999566376, 481649.127800000831485 ], [ 401267.951999999582767, 481599.327899999916553 ], [ 401272.941999999806285, 481557.987900000065565 ], [ 401273.891900000162423, 481548.337799999862909 ], [ 401274.427199999801815, 481545.064600000157952 ], [ 401275.542000000365078, 481538.247899999842048 ], [ 401281.372000000439584, 481491.777899999171495 ], [ 401285.182000000029802, 481460.267899999395013 ], [ 401286.642, 481446.117900000885129 ], [ 401288.4079, 481438.163399999961257 ], [ 401288.842000000178814, 481436.207900000736117 ], [ 401289.114000000059605, 481433.762900000438094 ], [ 401292.981999999843538, 481398.997800000011921 ], [ 401298.053700000047684, 481360.195199999958277 ], [ 401299.941999999806285, 481345.747899999842048 ], [ 401302.642, 481322.987900000065565 ], [ 401305.642, 481299.327800000086427 ], [ 401309.502000000327826, 481265.807900000363588 ], [ 401312.042000000365078, 481244.077899999916553 ] ] ] } },
{ "type": "Feature", "properties": { "OBJECTID": 0, "GND_N": "Rukmale West", "CM_Index": null, "GND_NO": "497", "GND_C": "040", "PROVINCE_N": "WESTERN", "PROVINCE_C": "1", "DISTRICT_N": "COLOMBO", "DISTRICT_C": "1", "DSD_N": "MAHARAGAMA", "DSD_C": "21", "MC_UC_PC_N": null, "GND_NO_Cen": "497", "GND_NAME_C": "Rukmale West", "GND_NO_Gaz": "497", "GND_NAME_G": "රුක්ම‍‍ලේ බටහිර", "YEAR_CREAT": "2017", "DATA_SOURC": "Satellite Images", "MTD_CREATI": "Extracted on google with Interactive Participation of Grama Niladharies", "Extent": 1910204.5880700001, "Shape_Leng": 7165.0792129499996, "Shape_Area": 1910204.5880700001 }, "geometry": { "type": "Polygon", "coordinates": [ [ [ 412540.156899999827147, 484879.283399999141693 ], [ 412545.853900000452995, 484869.786699999123812 ], [ 412546.139899999834597, 484869.310000000521541 ], [ 412547.318599999882281, 484867.197499999776483 ], [ 412547.404299999587238, 484867.043999999761581 ], [ 412548.423100000247359, 484865.218100000172853 ], [ 412548.980000000447035, 484864.220100000500679 ], [ 412552.150000000372529, 484859.07010000012815 ], [ 412552.359699999913573, 484858.724799999967217 ], [ 412555.45990000013262, 484853.619999999180436 ], [ 412552.849999999627471, 484851.869999999180436 ], [ 412547.859899999573827, 484848.080099999904633 ], [ 412536.789900000207126, 484837.609999999403954 ], [ 412526.03000000026077, 484826.900000000372529 ], [ 412518.189899999648333, 484818.61009999923408 ], [ 412513.20990000013262, 484813.410099999979138 ], [ 412509.28000000026077, 484809.630000000819564 ], [ 412505.519999999552965, 484806.470000000670552 ], [ 412500.589999999850988, 484802.830000000074506 ], [ 412495.575199999846518, 484799.339299999177456 ], [ 412492.429999999701977, 484797.150000000372529 ], [ 412485.840300000272691, 484793.601800000295043 ], [ 412484.109899999573827, 484792.670099999755621 ], [ 412475.509999999776483, 484787.850099999457598 ], [ 412469.249900000169873, 484785.019999999552965 ], [ 412457.329900000244379, 484780.019999999552965 ], [ 412450.069899999536574, 484776.419999999925494 ], [ 412436.629999999888241, 484769.070000000298023 ], [ 412429.330000000074506, 484764.230000000447035 ], [ 412426.589900000020862, 484761.890000000596046 ], [ 412424.450100000016391, 484759.640000000596046 ], [ 412422.079900000244379, 484756.529999999329448 ], [ 412418.769899999722838, 484751.140000000596046 ], [ 412417.950000000186265, 484749.800000000745058 ], [ 412417.642500000074506, 484749.317900000140071 ], [ 412412.629999999888241, 484741.459899999201298 ], [ 412408.689899999648333, 484735.220000000670552 ], [ 412406.219899999909103, 484731.519999999552965 ], [ 412401.319899999536574, 484724.390000000596046 ], [ 412398.269899999722838, 484716.060000000521541 ], [ 412379.890800000168383, 484701.363600000739098 ], [ 412373.989400000311434, 484696.644700000062585 ], [ 412373.551500000059605, 484696.29450000077486 ], [ 412372.786299999803305, 484695.682800000533462 ], [ 412371.238300000317395, 484696.866599999368191 ], [ 412362.012299999594688, 484703.921800000593066 ], [ 412348.535099999979138, 484714.227900000289083 ], [ 412338.549300000071526, 484725.16469999961555 ], [ 412321.430800000205636, 484724.689200000837445 ], [ 412316.942099999636412, 484721.183599999174476 ], [ 412305.344499999657273, 484712.1261 ], [ 412302.355600000359118, 484709.791799999773502 ], [ 412302.186200000345707, 484707.839700000360608 ], [ 412298.53760000038892, 484665.796800000593066 ], [ 412297.464800000190735, 484653.435200000181794 ], [ 412296.790000000037253, 484645.660000000149012 ], [ 412302.104700000025332, 484621.787699999287724 ], [ 412303.379900000058115, 484616.060000000521541 ], [ 412307.939899999648333, 484603.769999999552965 ], [ 412307.890100000426173, 484597.21000000089407 ], [ 412307.797799999825656, 484594.937899999320507 ], [ 412307.71999999973923, 484593.029999999329448 ], [ 412307.190000000409782, 484590.500199999660254 ], [ 412306.759899999946356, 484587.520099999383092 ], [ 412306.590699999593198, 484584.050300000235438 ], [ 412306.480000000447035, 484581.779899999499321 ], [ 412306.759899999946356, 484574.140100000426173 ], [ 412307.450000000186265, 484562.510099999606609 ], [ 412308.039900000207126, 484553.020099999383092 ], [ 412308.940000000409782, 484539.460200000554323 ], [ 412309.049899999983609, 484532.220000000670552 ], [ 412308.96999999973923, 484522.960100000724196 ], [ 412308.96999999973923, 484519.769999999552965 ], [ 412308.730000000447035, 484517.07010000012815 ], [ 412308.299899999983609, 484513.990000000223517 ], [ 412307.75, 484511.800000000745058 ], [ 412306.690000000409782, 484508.080000000074506 ], [ 412304.519999999552965, 484501.990000000223517 ], [ 412300.160000000149012, 484489.5 ], [ 412298.049999999813735, 484483.600199999287724 ], [ 412295.230100000277162, 484474.519999999552965 ], [ 412293.329900000244379, 484468.080000000074506 ], [ 412292.449900000356138, 484463.560000000521541 ], [ 412291.639899999834597, 484460.369999999180436 ], [ 412291.320000000298023, 484458.42989999987185 ], [ 412291.199900000356138, 484451.220000000670552 ], [ 412291.099899999797344, 484439.550000000745058 ], [ 412291.040000000037253, 484432.029999999329448 ], [ 412290.970099999569356, 484423.669999999925494 ], [ 412290.929999999701977, 484418.769999999552965 ], [ 412290.460099999792874, 484402.779999999329448 ], [ 412289.849999999627471, 484389.849999999627471 ], [ 412289.799899999983609, 484385.5 ], [ 412289.839900000020862, 484381.400000000372529 ], [ 412289.169900000095367, 484377.080000000074506 ], [ 412289.379900000058115, 484362.679999999701977 ], [ 412289.599899999797344, 484348.140100000426173 ], [ 412289.749900000169873, 484326.890100000426173 ], [ 412289.938900000415742, 484316.35359999909997 ], [ 412290.119900000281632, 484306.259999999776483 ], [ 412290.629900000058115, 484290.990000000223517 ], [ 412291.080000000074506, 484277.330000000074506 ], [ 412291.070000000298023, 484275.890000000596046 ], [ 412292.239900000393391, 484275.75 ], [ 412305.109899999573827, 484274.339999999850988 ], [ 412312.229899999685585, 484273.490000000223517 ], [ 412323.382000000216067, 484272.157400000840425 ], [ 412324.029900000430644, 484272.080000000074506 ], [ 412331.849999999627471, 484271.089999999850988 ], [ 412335.749900000169873, 484270.349999999627471 ], [ 412338.860000000335276, 484269.560000000521541 ], [ 412350.129999999888241, 484268.470000000670552 ], [ 412357.939899999648333, 484267.160000000149012 ], [ 412368.809899999760091, 484264.980000000447035 ], [ 412375.439899999648333, 484263.660000000149012 ], [ 412383.844800000078976, 484261.507400000467896 ], [ 412386.059899999760091, 484260.939999999478459 ], [ 412398.019899999722838, 484257.410099999979138 ], [ 412403.319899999536574, 484255.5 ], [ 412411.080000000074506, 484251.410000000149012 ], [ 412423.559899999760091, 484244.800000000745058 ], [ 412428.070000000298023, 484242.050000000745058 ], [ 412431.509999999776483, 484239.970000000670552 ], [ 412433.820000000298023, 484238.570000000298023 ], [ 412436.879900000058115, 484236.369999999180436 ], [ 412437.845599999651313, 484235.464999999850988 ], [ 412438.950000000186265, 484234.429999999701977 ], [ 412441.669999999925494, 484231.509999999776483 ], [ 412448.929999999701977, 484228.130000000819564 ], [ 412454.20990000013262, 484225.740000000223517 ], [ 412458.589999999850988, 484224.180099999532104 ], [ 412465.629900000058115, 484222.650000000372529 ], [ 412469.598199999891222, 484222.246099999174476 ], [ 412474.669900000095367, 484221.730000000447035 ], [ 412484.96999999973923, 484221.349999999627471 ], [ 412487.849899999797344, 484221.380000000819564 ], [ 412491.740000000223517, 484218.080000000074506 ], [ 412496.450000000186265, 484212.839999999850988 ], [ 412503.169900000095367, 484203.25 ], [ 412511.650000000372529, 484190.449999999254942 ], [ 412516.829900000244379, 484182.009999999776483 ], [ 412525.179999999701977, 484168.019999999552965 ], [ 412528.559899999760091, 484163.310000000521541 ], [ 412531.902400000020862, 484159.231300000101328 ], [ 412532.009899999946356, 484159.100099999457598 ], [ 412535.92989999987185, 484155.0 ], [ 412538.749900000169873, 484153.230000000447035 ], [ 412544.059999999590218, 484150.089999999850988 ], [ 412544.102699999697506, 484150.294700000435114 ], [ 412545.137299999594688, 484149.536800000816584 ], [ 412549.610000000335276, 484147.240100000053644 ], [ 412557.480000000447035, 484141.890000000596046 ], [ 412561.46999999973923, 484138.589999999850988 ], [ 412564.166400000452995, 484135.598099999129772 ], [ 412565.539499999955297, 484134.592299999669194 ], [ 412565.835400000214577, 484133.052699999883771 ], [ 412566.29009999986738, 484132.330000000074506 ], [ 412568.019899999722838, 484128.789899999275804 ], [ 412570.351800000295043, 484121.9222999997437 ], [ 412570.580099999904633, 484121.25 ], [ 412575.689799999818206, 484100.280099999159575 ], [ 412579.690000000409782, 484085.660099999979138 ], [ 412581.509899999946356, 484078.5 ], [ 412584.21999999973923, 484067.529999999329448 ], [ 412585.574400000274181, 484062.389599999412894 ], [ 412586.809999999590218, 484057.699999999254942 ], [ 412588.190000000409782, 484053.359999999403954 ], [ 412589.579900000244379, 484049.900000000372529 ], [ 412590.102800000458956, 484048.918199999257922 ], [ 412590.287800000049174, 484048.221499999985099 ], [ 412590.4222999997437, 484048.318199999630451 ], [ 412591.45990000013262, 484046.369999999180436 ], [ 412575.110000000335276, 484033.509999999776483 ], [ 412567.490100000053644, 484027.53999999910593 ], [ 412551.089900000020862, 484016.07010000012815 ], [ 412543.839900000020862, 484010.96000000089407 ], [ 412528.309899999760091, 484000.0 ], [ 412519.449900000356138, 483994.460100000724196 ], [ 412498.429999999701977, 483980.910000000149012 ], [ 412509.469899999909103, 483960.970000000670552 ], [ 412515.268600000068545, 483950.460400000214577 ], [ 412524.590499999932945, 483934.252299999818206 ], [ 412529.662700000219047, 483925.433299999684095 ], [ 412537.739000000059605, 483911.390799999237061 ], [ 412540.081100000068545, 483907.318499999120831 ], [ 412547.039900000207126, 483894.580000000074506 ], [ 412552.009899999946356, 483885.330000000074506 ], [ 412558.589900000020862, 483873.720000000670552 ], [ 412560.25789999961853, 483870.714900000020862 ], [ 412560.910000000149012, 483869.53999999910593 ], [ 412566.029900000430644, 483859.900000000372529 ], [ 412581.290000000037253, 483831.339999999850988 ], [ 412585.17989999987185, 483824.730000000447035 ], [ 412587.859899999573827, 483817.959899999201298 ], [ 412591.830000000074506, 483809.75 ], [ 412616.269899999722838, 483775.029999999329448 ], [ 412632.389999999664724, 483751.830000000074506 ], [ 412634.166400000452995, 483749.1546 ], [ 412645.410000000149012, 483732.220100000500679 ], [ 412651.980000000447035, 483720.449999999254942 ], [ 412662.559899999760091, 483700.179999999701977 ], [ 412663.182099999859929, 483698.959799999371171 ], [ 412665.429999999701977, 483694.550000000745058 ], [ 412669.329900000244379, 483685.519999999552965 ], [ 412674.169900000095367, 483672.970000000670552 ], [ 412677.330000000074506, 483664.369999999180436 ], [ 412677.813099999912083, 483663.055500000715256 ], [ 412679.339900000020862, 483658.900100000202656 ], [ 412683.887900000438094, 483644.345100000500679 ], [ 412684.03000000026077, 483643.890000000596046 ], [ 412688.499800000339746, 483629.957499999552965 ], [ 412688.651300000026822, 483629.706700000911951 ], [ 412692.872600000351667, 483617.861700000241399 ], [ 412694.719499999657273, 483612.679400000721216 ], [ 412695.221599999815226, 483612.743400000035763 ], [ 412697.119900000281632, 483608.760099999606609 ], [ 412703.519899999722838, 483599.509999999776483 ], [ 412711.950000000186265, 483589.46000000089407 ], [ 412713.906299999915063, 483587.432099999859929 ], [ 412712.559999999590218, 483586.369999999180436 ], [ 412711.75, 483585.720000000670552 ], [ 412711.260400000028312, 483585.326199999079108 ], [ 412705.591400000266731, 483580.76630000025034 ], [ 412703.980000000447035, 483579.470100000500679 ], [ 412695.590099999681115, 483572.970100000500679 ], [ 412688.819899999536574, 483566.86009999923408 ], [ 412679.910000000149012, 483560.869999999180436 ], [ 412678.293700000271201, 483559.887299999594688 ], [ 412678.142300000414252, 483559.795199999585748 ], [ 412669.910000000149012, 483554.790100000798702 ], [ 412659.620000000111759, 483548.650100000202656 ], [ 412657.7807, 483547.519799999892712 ], [ 412648.440000000409782, 483541.780099999159575 ], [ 412640.549999999813735, 483535.660099999979138 ], [ 412637.620000000111759, 483533.410099999979138 ], [ 412629.950000000186265, 483524.780099999159575 ], [ 412622.799999999813735, 483517.03999999910593 ], [ 412612.059999999590218, 483498.180099999532104 ], [ 412604.03000000026077, 483489.370200000703335 ], [ 412597.129999999888241, 483482.640100000426173 ], [ 412589.71999999973923, 483471.750099999830127 ], [ 412580.700100000016391, 483462.150000000372529 ], [ 412572.470099999569356, 483454.680099999532104 ], [ 412568.21999999973923, 483447.020099999383092 ], [ 412562.690000000409782, 483438.490100000053644 ], [ 412556.240000000223517, 483428.779999999329448 ], [ 412549.049999999813735, 483419.960100000724196 ], [ 412539.78000000026077, 483413.929999999701977 ], [ 412530.510099999606609, 483406.640100000426173 ], [ 412522.650100000202656, 483401.390100000426173 ], [ 412518.509899999946356, 483395.86009999923408 ], [ 412518.260099999606609, 483394.980100000277162 ], [ 412517.638600000180304, 483392.704600000753999 ], [ 412516.900100000202656, 483390.0 ], [ 412512.579900000244379, 483372.980000000447035 ], [ 412510.411399999633431, 483365.892500000074506 ], [ 412508.370000000111759, 483359.220100000500679 ], [ 412505.559999999590218, 483351.040100000798702 ], [ 412494.92989999987185, 483347.330099999904633 ], [ 412483.239900000393391, 483344.630000000819564 ], [ 412479.834699999541044, 483344.289799999445677 ], [ 412473.03000000026077, 483343.609999999403954 ], [ 412470.199900000356138, 483343.470000000670552 ], [ 412466.950000000186265, 483342.280099999159575 ], [ 412463.389899999834597, 483341.0 ], [ 412455.222599999979138, 483339.985999999567866 ], [ 412444.21999999973923, 483338.619999999180436 ], [ 412440.220200000330806, 483336.510099999606609 ], [ 412431.549899999983609, 483332.020099999383092 ], [ 412425.099999999627471, 483325.019999999552965 ], [ 412420.879999999888241, 483313.170099999755621 ], [ 412418.610000000335276, 483304.170099999755621 ], [ 412418.000099999830127, 483301.910099999979138 ], [ 412410.660000000149012, 483287.160099999979138 ], [ 412401.729899999685585, 483273.730000000447035 ], [ 412389.07010000012815, 483258.060100000351667 ], [ 412376.209999999962747, 483243.150100000202656 ], [ 412368.35010000038892, 483233.180099999532104 ], [ 412356.078599999658763, 483219.410199999809265 ], [ 412351.889999999664724, 483214.710100000724196 ], [ 412337.230000000447035, 483202.21000000089407 ], [ 412327.640100000426173, 483194.560100000351667 ], [ 412317.490000000223517, 483190.349999999627471 ], [ 412308.349999999627471, 483189.650100000202656 ], [ 412292.069899999536574, 483185.730000000447035 ], [ 412292.123399999924004, 483181.494300000369549 ], [ 412264.886699999682605, 483178.085899999365211 ], [ 412241.851099999621511, 483167.966299999505281 ], [ 412207.413900000043213, 483152.837999999523163 ], [ 412199.940100000239909, 483149.554700000211596 ], [ 412197.836900000460446, 483149.699899999424815 ], [ 412155.302299999631941, 483152.635500000789762 ], [ 412123.802400000393391, 483154.809599999338388 ], [ 412121.3432, 483166.806500000879169 ], [ 412122.428100000135601, 483173.328500000759959 ], [ 412122.450000000186265, 483173.460100000724196 ], [ 412120.389999999664724, 483180.680099999532104 ], [ 412120.133799999952316, 483181.125600000843406 ], [ 412116.014399999752641, 483188.288499999791384 ], [ 412115.910000000149012, 483188.470000000670552 ], [ 412116.120099999941885, 483196.230100000277162 ], [ 412121.190100000239909, 483213.010099999606609 ], [ 412122.050099999643862, 483216.100299999117851 ], [ 412124.019299999810755, 483231.710899999365211 ], [ 412119.445000000298023, 483250.474999999627471 ], [ 412115.387600000016391, 483255.827299999073148 ], [ 412090.389899999834597, 483254.440199999138713 ], [ 412066.009899999946356, 483253.660099999979138 ], [ 412043.335500000044703, 483252.081399999558926 ], [ 412041.906600000336766, 483264.047499999403954 ], [ 412041.692999999970198, 483267.515599999576807 ], [ 412042.055200000293553, 483279.635500000789762 ], [ 412042.931800000369549, 483291.199400000274181 ], [ 412040.536899999715388, 483297.891499999910593 ], [ 412037.396800000220537, 483306.503799999132752 ], [ 412032.434799999929965, 483316.6864 ], [ 412020.342799999751151, 483334.149700000882149 ], [ 412008.642799999564886, 483342.027100000530481 ], [ 411999.638000000268221, 483345.383300000801682 ], [ 411987.809299999848008, 483351.95920000039041 ], [ 411970.6097999997437, 483362.958200000226498 ], [ 411939.993200000375509, 483385.514000000432134 ], [ 411926.705500000156462, 483393.394200000911951 ], [ 411912.565999999642372, 483395.518400000408292 ], [ 411902.376699999906123, 483390.801200000569224 ], [ 411901.764200000092387, 483390.886700000613928 ], [ 411857.486499999649823, 483407.203400000929832 ], [ 411828.911399999633431, 483413.553400000557303 ], [ 411782.873800000175834, 483414.347100000828505 ], [ 411762.578200000338256, 483405.471999999135733 ], [ 411737.197300000116229, 483403.362199999392033 ], [ 411655.494599999859929, 483394.338199999183416 ], [ 411624.95299999974668, 483394.448599999770522 ], [ 411570.867600000463426, 483375.836200000718236 ], [ 411531.552400000393391, 483363.501900000497699 ], [ 411470.425099999643862, 483320.749199999496341 ], [ 411449.321700000204146, 483294.956399999558926 ], [ 411423.311300000175834, 483263.842299999669194 ], [ 411402.837100000120699, 483235.214600000530481 ], [ 411387.490799999795854, 483187.316299999132752 ], [ 411378.665699999779463, 483192.948100000619888 ], [ 411374.356399999931455, 483192.978800000622869 ], [ 411364.797199999913573, 483198.285299999639392 ], [ 411363.759499999694526, 483205.589500000700355 ], [ 411365.282100000418723, 483216.953199999406934 ], [ 411368.144999999552965, 483228.696000000461936 ], [ 411368.395100000314415, 483268.667400000616908 ], [ 411361.265100000426173, 483285.019600000232458 ], [ 411338.865699999965727, 483286.223400000482798 ], [ 411338.19440000038594, 483286.219799999147654 ], [ 411316.256099999882281, 483279.346100000664592 ], [ 411302.394199999980628, 483264.073400000110269 ], [ 411301.447100000455976, 483263.722500000149012 ], [ 411280.977300000376999, 483255.807000000029802 ], [ 411272.542500000447035, 483259.842700000852346 ], [ 411271.338200000114739, 483267.344000000506639 ], [ 411274.863400000147521, 483279.903799999505281 ], [ 411284.007399999536574, 483304.307199999690056 ], [ 411294.49930000025779, 483328.4671 ], [ 411301.920699999667704, 483391.286100000143051 ], [ 411305.457299999892712, 483413.603000000119209 ], [ 411311.100300000049174, 483433.081700000911951 ], [ 411320.166600000113249, 483453.57289999909699 ], [ 411306.591599999926984, 483461.366399999707937 ], [ 411302.661100000143051, 483461.999199999496341 ], [ 411289.283499999903142, 483470.281400000676513 ], [ 411279.758399999700487, 483478.748099999502301 ], [ 411270.762600000016391, 483488.008600000292063 ], [ 411253.035500000230968, 483503.619000000879169 ], [ 411238.276700000278652, 483505.964400000870228 ], [ 411239.872000000439584, 483510.297900000587106 ], [ 411244.252000000327826, 483523.597899999469519 ], [ 411248.872000000439584, 483539.94789999909699 ], [ 411251.101999999955297, 483548.077899999916553 ], [ 411255.332000000402331, 483561.44789999909699 ], [ 411257.951999999582767, 483570.887900000438094 ], [ 411254.382100000046194, 483572.57799999974668 ], [ 411248.068900000303984, 483576.558199999853969 ], [ 411246.372100000269711, 483577.627900000661612 ], [ 411241.56209999974817, 483580.937999999150634 ], [ 411231.932900000363588, 483586.440999999642372 ], [ 411218.622100000269711, 483594.048000000417233 ], [ 411210.17200000025332, 483599.00789999961853 ], [ 411199.240199999883771, 483605.351299999281764 ], [ 411196.229899999685585, 483607.098099999129772 ], [ 411195.282100000418723, 483607.648000000044703 ], [ 411180.975599999539554, 483615.610300000756979 ], [ 411170.703700000420213, 483621.330900000408292 ], [ 411160.634700000286102, 483626.96059999987483 ], [ 411151.792100000195205, 483631.907999999821186 ], [ 411144.172100000083447, 483635.927999999374151 ], [ 411139.582100000232458, 483637.968000000342727 ], [ 411134.162299999967217, 483639.918899999931455 ], [ 411132.535400000400841, 483640.423000000417233 ], [ 411132.342000000178814, 483640.497899999842048 ], [ 411130.519399999640882, 483641.014399999752641 ], [ 411125.002000000327826, 483642.577899999916553 ], [ 411123.642, 483642.927899999544024 ], [ 411113.450600000098348, 483645.361800000071526 ], [ 411111.122000000439584, 483645.917899999767542 ], [ 411100.49199999962002, 483647.817900000140071 ], [ 411089.712100000120699, 483649.117900000885129 ], [ 411079.321999999694526, 483650.357899999246001 ], [ 411069.281999999657273, 483651.707900000736117 ], [ 411066.120199999772012, 483652.133600000292063 ], [ 411045.142, 483654.957900000736117 ], [ 411037.286100000143051, 483655.948200000450015 ], [ 411033.85259999986738, 483656.380999999120831 ], [ 411101.388199999928474, 483679.978900000452995 ], [ 411107.374099999666214, 483699.146900000050664 ], [ 411138.646499999798834, 483732.974099999293685 ], [ 411174.063900000415742, 483745.424300000071526 ], [ 411199.246799999848008, 483758.903899999335408 ], [ 411227.390599999576807, 483779.366399999707937 ], [ 411295.27350000012666, 483795.175100000575185 ], [ 411308.325000000186265, 483801.543899999931455 ], [ 411350.973399999551475, 483822.355000000447035 ], [ 411355.896300000138581, 483825.135500000789762 ], [ 411353.101999999955297, 483832.417899999767542 ], [ 411349.42200000025332, 483843.897900000214577 ], [ 411344.392, 483860.297900000587106 ], [ 411339.281999999657273, 483877.19789999909699 ], [ 411331.201999999582767, 483904.207900000736117 ], [ 411328.231999999843538, 483913.897900000214577 ], [ 411326.731999999843538, 483917.00789999961853 ], [ 411325.031999999657273, 483918.747899999842048 ], [ 411323.271999999880791, 483919.867900000885129 ], [ 411322.212000000290573, 483920.25789999961853 ], [ 411321.101999999955297, 483920.247899999842048 ], [ 411315.240299999713898, 483918.825200000777841 ], [ 411310.879399999976158, 483929.438500000163913 ], [ 411287.10120000038296, 483981.440199999138713 ], [ 411262.549899999983609, 484003.947100000455976 ], [ 411254.083200000226498, 484032.522099999710917 ], [ 411283.187400000169873, 484053.688799999654293 ], [ 411290.066599999554455, 484066.388900000602007 ], [ 411293.950100000016391, 484099.475099999457598 ], [ 411306.57050000037998, 484129.772099999710917 ], [ 411334.406499999575317, 484222.309000000357628 ], [ 411336.233, 484228.380799999460578 ], [ 411336.147599999792874, 484233.480599999427795 ], [ 411346.290599999949336, 484268.597100000828505 ], [ 411334.573599999770522, 484327.425799999386072 ], [ 411333.58559999987483, 484386.401000000536442 ], [ 411332.481300000101328, 484392.847999999299645 ], [ 411303.298200000077486, 484563.221899999305606 ], [ 411297.47649999987334, 484602.604599999263883 ], [ 411297.593999999575317, 484622.758899999782443 ], [ 411287.145499999634922, 484669.106499999761581 ], [ 411284.170300000347197, 484695.957599999383092 ], [ 411280.946999999694526, 484732.653699999675155 ], [ 411286.949300000444055, 484756.557399999350309 ], [ 411345.077399999834597, 484761.61570000089705 ], [ 411406.875300000421703, 484766.993400000035763 ], [ 411457.853099999949336, 484784.699899999424815 ], [ 411521.145100000314415, 484802.573100000619888 ], [ 411554.961799999698997, 484808.647600000724196 ], [ 411572.662899999879301, 484803.722999999299645 ], [ 411573.182000000029802, 484804.567999999970198 ], [ 411574.875099999830127, 484807.257699999958277 ], [ 411577.292000000365078, 484811.097999999299645 ], [ 411579.822100000455976, 484814.437899999320507 ], [ 411584.561999999918044, 484820.797900000587106 ], [ 411587.372000000439584, 484824.607899999246001 ], [ 411590.342000000178814, 484828.627900000661612 ], [ 411594.99199999962002, 484834.837899999693036 ], [ 411598.42200000025332, 484839.307900000363588 ], [ 411601.403699999675155, 484843.067600000649691 ], [ 411606.892099999822676, 484849.987900000065565 ], [ 411608.792000000365078, 484852.367900000885129 ], [ 411611.332000000402331, 484855.567900000140071 ], [ 411615.701999999582767, 484863.297900000587106 ], [ 411616.090400000102818, 484863.900499999523163 ], [ 411619.401999999769032, 484869.037900000810623 ], [ 411623.752000000327826, 484877.977900000289083 ], [ 411627.451999999582767, 484888.207900000736117 ], [ 411629.512000000104308, 484894.718000000342727 ], [ 411633.111999999731779, 484906.367900000885129 ], [ 411636.132000000216067, 484916.427899999544024 ], [ 411638.252000000327826, 484929.747899999842048 ], [ 411644.432000000029802, 484928.6579 ], [ 411663.151999999769032, 484928.987900000065565 ], [ 411677.262600000016391, 484928.878699999302626 ], [ 411681.24199999962002, 484928.847899999469519 ], [ 411703.321999999694526, 484928.577899999916553 ], [ 411706.962000000290573, 484928.627900000661612 ], [ 411728.601999999955297, 484928.94789999909699 ], [ 411737.132000000216067, 484928.94789999909699 ], [ 411753.631199999712408, 484928.996799999848008 ], [ 411757.382000000216067, 484929.00789999961853 ], [ 411780.191999999806285, 484929.517899999395013 ], [ 411781.921500000171363, 484929.550100000575185 ], [ 411797.411999999545515, 484929.837899999693036 ], [ 411809.382000000216067, 484929.75789999961853 ], [ 411831.17200000025332, 484930.517899999395013 ], [ 411847.332000000402331, 484930.877900000661612 ], [ 411868.042000000365078, 484930.607899999246001 ], [ 411880.682000000029802, 484930.427899999544024 ], [ 411889.187199999578297, 484930.329500000923872 ], [ 411897.101999999955297, 484930.237900000065565 ], [ 411912.132000000216067, 484930.647900000214577 ], [ 411919.771999999880791, 484930.597899999469519 ], [ 411924.622000000439584, 484930.627900000661612 ], [ 411933.561999999918044, 484930.817900000140071 ], [ 411954.401999999769032, 484931.067900000140071 ], [ 411991.041899999603629, 484931.402499999850988 ], [ 411992.44579999987036, 484931.564999999478459 ], [ 411993.525899999774992, 484931.425200000405312 ], [ 412000.521399999968708, 484930.519999999552965 ], [ 412003.484299999661744, 484930.576999999582767 ], [ 412019.300099999643862, 484930.880200000479817 ], [ 412033.690100000239909, 484931.0 ], [ 412036.001899999566376, 484931.0 ], [ 412036.518799999728799, 484931.0 ], [ 412042.39989999961108, 484931.0 ], [ 412052.60010000038892, 484931.0 ], [ 412062.409900000318885, 484930.849999999627471 ], [ 412063.152900000102818, 484930.849300000816584 ], [ 412082.730000000447035, 484930.829900000244379 ], [ 412101.585500000044703, 484930.70920000039041 ], [ 412106.150000000372529, 484930.679999999701977 ], [ 412109.206000000238419, 484930.732799999415874 ], [ 412111.981300000101328, 484930.780600000172853 ], [ 412127.599999999627471, 484931.050100000575185 ], [ 412148.740000000223517, 484931.660000000149012 ], [ 412154.599999999627471, 484931.78999999910593 ], [ 412158.720099999569356, 484931.839999999850988 ], [ 412172.419999999925494, 484932.080000000074506 ], [ 412190.099899999797344, 484932.230100000277162 ], [ 412209.849899999797344, 484932.509999999776483 ], [ 412215.919999999925494, 484932.519999999552965 ], [ 412229.150000000372529, 484932.529899999499321 ], [ 412235.639999999664724, 484932.630100000649691 ], [ 412247.809999999590218, 484933.070000000298023 ], [ 412271.196399999782443, 484933.906899999827147 ], [ 412272.39989999961108, 484933.949999999254942 ], [ 412281.979899999685585, 484933.650000000372529 ], [ 412300.269899999722838, 484933.310000000521541 ], [ 412302.091400000266731, 484933.306600000709295 ], [ 412316.400000000372529, 484933.279999999329448 ], [ 412325.07079999987036, 484933.392799999564886 ], [ 412341.769899999722838, 484933.609999999403954 ], [ 412349.679999999701977, 484933.759999999776483 ], [ 412364.949900000356138, 484933.949999999254942 ], [ 412368.608500000089407, 484934.008500000461936 ], [ 412372.449900000356138, 484934.070000000298023 ], [ 412379.009899999946356, 484934.200099999085069 ], [ 412392.39989999961108, 484934.640000000596046 ], [ 412405.879999999888241, 484935.319900000467896 ], [ 412430.329900000244379, 484935.840199999511242 ], [ 412446.059899999760091, 484936.160000000149012 ], [ 412447.197999999858439, 484936.1886 ], [ 412459.589999999850988, 484936.500099999830127 ], [ 412471.550300000235438, 484936.674799999222159 ], [ 412480.129900000058115, 484936.800100000575185 ], [ 412481.629999999888241, 484936.78999999910593 ], [ 412489.849999999627471, 484936.900000000372529 ], [ 412494.660000000149012, 484936.78999999910593 ], [ 412497.96999999973923, 484936.260099999606609 ], [ 412500.349999999627471, 484935.720100000500679 ], [ 412501.900000000372529, 484935.220000000670552 ], [ 412504.510099999606609, 484934.050000000745058 ], [ 412505.424399999901652, 484933.392500000074506 ], [ 412506.609899999573827, 484932.540100000798702 ], [ 412508.190000000409782, 484931.150000000372529 ], [ 412511.839999999850988, 484926.410000000149012 ], [ 412515.25, 484921.560000000521541 ], [ 412523.570000000298023, 484907.920099999755621 ], [ 412534.45990000013262, 484888.780099999159575 ], [ 412540.156899999827147, 484879.283399999141693 ] ] ] } },
{ "type": "Feature", "properties": { "OBJECTID": 0, "GND_N": "Kottawa Town", "CM_Index": null, "GND_NO": "496B", "GND_C": "155", "PROVINCE_N": "WESTERN", "PROVINCE_C": "1", "DISTRICT_N": "COLOMBO", "DISTRICT_C": "1", "DSD_N": "MAHARAGAMA", "DSD_C": "21", "MC_UC_PC_N": null, "GND_NO_Cen": "496B", "GND_NAME_C": "Kottawa Town", "GND_NO_Gaz": "496 B", "GND_NAME_G": "කොට්ටාව නගරය", "YEAR_CREAT": "2017", "DATA_SOURC": "Satellite Images", "MTD_CREATI": "Extracted on google with Interactive Participation of Grama Niladharies", "Extent": 1321358.34234, "Shape_Leng": 8589.5208019700003, "Shape_Area": 1321358.34234 }, "geometry": { "type": "Polygon", "coordinates": [ [ [ 409263.372000000439584, 483162.477900000289083 ], [ 409265.722299999557436, 483162.392899999395013 ], [ 409265.756299999542534, 483162.398199999704957 ], [ 409266.037100000306964, 483162.38370000012219 ], [ 409266.615600000135601, 483162.360600000247359 ], [ 409266.626500000245869, 483162.360200000926852 ], [ 409266.636099999770522, 483162.3597999997437 ], [ 409270.193300000391901, 483162.218100000172853 ], [ 409270.457399999722838, 483162.206800000742078 ], [ 409274.372100000269711, 483162.037900000810623 ], [ 409275.339300000108778, 483161.900000000372529 ], [ 409283.142, 483160.78800000064075 ], [ 409284.747100000269711, 483160.473200000822544 ], [ 409292.459800000302494, 483158.960699999704957 ], [ 409293.902099999599159, 483158.677899999544024 ], [ 409299.824799999594688, 483156.769300000742078 ], [ 409303.521999999880791, 483155.577899999916553 ], [ 409306.098000000230968, 483154.630799999460578 ], [ 409306.292600000277162, 483154.559299999848008 ], [ 409312.351800000295043, 483152.331599999219179 ], [ 409316.632000000216067, 483150.75789999961853 ], [ 409324.152099999599159, 483146.798000000417233 ], [ 409332.432099999859929, 483141.607999999076128 ], [ 409334.842299999669194, 483139.806500000879169 ], [ 409346.896300000138581, 483130.796599999070168 ], [ 409348.152099999599159, 483129.857899999246001 ], [ 409354.032100000418723, 483123.558000000193715 ], [ 409355.691999999806285, 483122.377900000661612 ], [ 409358.999800000339746, 483118.19480000063777 ], [ 409364.911999999545515, 483110.718000000342727 ], [ 409365.96999999973923, 483109.19370000064373 ], [ 409370.151999999769032, 483103.167999999597669 ], [ 409370.729399999603629, 483102.170399999246001 ], [ 409375.311599999666214, 483094.254499999806285 ], [ 409375.952100000344217, 483093.148000000044703 ], [ 409378.979899999685585, 483084.700699999928474 ], [ 409384.42200000025332, 483069.51799999922514 ], [ 409384.755599999800324, 483068.304400000721216 ], [ 409385.62459999974817, 483065.143200000748038 ], [ 409385.641900000162423, 483065.080199999734759 ], [ 409391.160000000149012, 483045.007099999114871 ], [ 409392.372100000269711, 483040.597899999469519 ], [ 409395.977900000289083, 483028.30320000089705 ], [ 409397.862200000323355, 483021.878000000491738 ], [ 409401.337100000120699, 483014.875800000503659 ], [ 409406.502100000157952, 483004.468000000342727 ], [ 409407.084599999710917, 483003.642599999904633 ], [ 409408.972000000067055, 483000.9679000005126 ], [ 409411.542100000195205, 482997.32799999974668 ], [ 409420.362099999561906, 482986.147900000214577 ], [ 409423.630800000391901, 482982.604900000616908 ], [ 409423.696100000292063, 482982.533999999985099 ], [ 409429.536999999545515, 482976.202899999916553 ], [ 409430.252000000327826, 482975.427899999544024 ], [ 409439.449900000356138, 482968.661100000143051 ], [ 409443.002000000327826, 482966.047900000587106 ], [ 409456.264499999582767, 482958.006100000813603 ], [ 409458.752000000327826, 482956.497899999842048 ], [ 409466.239199999719858, 482953.474999999627471 ], [ 409468.31209999974817, 482952.638100000098348 ], [ 409480.042000000365078, 482949.297900000587106 ], [ 409494.461900000460446, 482947.617900000885129 ], [ 409505.481999999843538, 482946.50789999961853 ], [ 409507.778699999675155, 482946.622400000691414 ], [ 409508.892, 482946.678700000047684 ], [ 409517.191999999806285, 482947.118000000715256 ], [ 409529.249900000169873, 482947.973099999129772 ], [ 409531.432000000029802, 482948.127900000661612 ], [ 409540.776399999856949, 482951.177500000223517 ], [ 409554.033400000073016, 482955.504100000485778 ], [ 409554.30350000038743, 482955.592199999839067 ], [ 409557.232099999673665, 482956.548000000417233 ], [ 409562.81319999974221, 482958.885700000450015 ], [ 409564.998700000345707, 482959.801100000739098 ], [ 409572.663399999961257, 482963.011499999091029 ], [ 409580.892, 482966.458100000396371 ], [ 409582.639299999922514, 482967.050799999386072 ], [ 409601.404900000430644, 482973.416300000622869 ], [ 409605.802000000141561, 482974.9079 ], [ 409617.62569999974221, 482976.349600000306964 ], [ 409633.112099999561906, 482978.237900000065565 ], [ 409645.355800000019372, 482977.539599999785423 ], [ 409648.892099999822676, 482977.337899999693036 ], [ 409651.058799999766052, 482977.038899999111891 ], [ 409651.142, 482977.028000000864267 ], [ 409653.502399999648333, 482976.429500000551343 ], [ 409667.529299999587238, 482972.903999999165535 ], [ 409679.162700000219047, 482969.981399999931455 ], [ 409680.012099999934435, 482969.76799999922514 ], [ 409694.252000000327826, 482962.807800000533462 ], [ 409695.407100000418723, 482962.011399999260902 ], [ 409719.401899999938905, 482945.468000000342727 ], [ 409741.142, 482921.638000000268221 ], [ 409755.302099999971688, 482907.407999999821186 ], [ 409756.796500000171363, 482906.372300000861287 ], [ 409767.768000000156462, 482898.767799999564886 ], [ 409775.003399999812245, 482893.753100000321865 ], [ 409775.862099999561906, 482893.1579 ], [ 409781.859299999661744, 482890.473699999973178 ], [ 409795.99210000038147, 482884.148000000044703 ], [ 409808.441999999806285, 482881.1579 ], [ 409819.998700000345707, 482879.254100000485778 ], [ 409823.132100000046194, 482878.737999999895692 ], [ 409826.5307, 482878.697000000625849 ], [ 409839.531700000166893, 482878.540400000289083 ], [ 409845.532100000418723, 482878.4679000005126 ], [ 409848.026700000278652, 482878.877399999648333 ], [ 409854.182500000111759, 482879.887800000607967 ], [ 409862.920099999755621, 482881.322000000625849 ], [ 409864.662100000306964, 482881.607999999076128 ], [ 409867.488099999725819, 482882.834100000560284 ], [ 409882.731900000013411, 482889.448200000450015 ], [ 409883.588899999856949, 482889.821000000461936 ], [ 409883.913399999961257, 482889.962300000712276 ], [ 409885.212100000120699, 482890.527899999171495 ], [ 409887.99199999962002, 482891.737900000065565 ], [ 409905.773299999535084, 482903.062300000339746 ], [ 409907.682000000029802, 482904.277899999171495 ], [ 409929.5954, 482919.348099999129772 ], [ 409929.619800000451505, 482919.364900000393391 ], [ 409929.993300000205636, 482919.621799999848008 ], [ 409940.472000000067055, 482926.82799999974668 ], [ 409941.560100000351667, 482927.386399999260902 ], [ 409956.574699999764562, 482935.091600000858307 ], [ 409960.952100000344217, 482937.337999999523163 ], [ 409969.632699999958277, 482939.523600000888109 ], [ 409977.503700000233948, 482941.505599999800324 ], [ 409979.142099999822676, 482941.917999999597669 ], [ 409984.086500000208616, 482942.257699999958277 ], [ 409992.37569999974221, 482942.827299999073148 ], [ 410001.552099999971688, 482943.457900000736117 ], [ 410003.50870000012219, 482943.309800000861287 ], [ 410018.638000000268221, 482942.164100000634789 ], [ 410021.03899999987334, 482941.982300000265241 ], [ 410025.981999999843538, 482941.607999999076128 ], [ 410029.60190000012517, 482940.932199999690056 ], [ 410056.329300000332296, 482935.942800000309944 ], [ 410056.372600000351667, 482935.934599999338388 ], [ 410067.281999999657273, 482933.898000000044703 ], [ 410102.842000000178814, 482927.077899999916553 ], [ 410137.212500000372529, 482920.290100000798702 ], [ 410146.081199999898672, 482918.546900000423193 ], [ 410177.81209999974817, 482912.317900000140071 ], [ 410181.92200000025332, 482911.327899999916553 ], [ 410186.872000000439584, 482909.837899999693036 ], [ 410191.832100000232458, 482908.127900000661612 ], [ 410194.779000000096858, 482906.933100000023842 ], [ 410197.332100000232458, 482905.897900000214577 ], [ 410205.392099999822676, 482902.118000000715256 ], [ 410207.976700000464916, 482900.498400000855327 ], [ 410212.382000000216067, 482897.737900000065565 ], [ 410215.74199999962002, 482895.487900000065565 ], [ 410217.316599999554455, 482894.38289999961853 ], [ 410218.49210000038147, 482893.557900000363588 ], [ 410220.920400000177324, 482891.778899999335408 ], [ 410225.112099999561906, 482888.707900000736117 ], [ 410227.332000000402331, 482886.927999999374151 ], [ 410230.862099999561906, 482883.797900000587106 ], [ 410233.85190000012517, 482881.037799999117851 ], [ 410238.412100000306964, 482876.82799999974668 ], [ 410244.983599999919534, 482870.42960000038147 ], [ 410246.880499999970198, 482868.633400000631809 ], [ 410251.869300000369549, 482863.917700000107288 ], [ 410251.916799999773502, 482863.872800000011921 ], [ 410255.434500000439584, 482860.547700000926852 ], [ 410261.42200000025332, 482854.887900000438094 ], [ 410267.712000000290573, 482849.117900000885129 ], [ 410275.302000000141561, 482842.827899999916553 ], [ 410279.942099999636412, 482839.547900000587106 ], [ 410280.736899999901652, 482839.046800000593066 ], [ 410284.348399999551475, 482836.770300000905991 ], [ 410288.572100000455976, 482834.107999999076128 ], [ 410290.555499999783933, 482833.063200000673532 ], [ 410295.695000000298023, 482830.355900000780821 ], [ 410300.342000000178814, 482827.907999999821186 ], [ 410309.043100000359118, 482823.777000000700355 ], [ 410318.372000000439584, 482819.347899999469519 ], [ 410326.233300000429153, 482815.300100000575185 ], [ 410327.583899999968708, 482814.604699999094009 ], [ 410327.868599999696016, 482814.458100000396371 ], [ 410334.802099999971688, 482810.888000000268221 ], [ 410340.513700000010431, 482807.617000000551343 ], [ 410342.712000000290573, 482806.357999999076128 ], [ 410346.863099999725819, 482803.4989 ], [ 410351.161999999545515, 482800.537900000810623 ], [ 410354.010599999688566, 482797.978700000792742 ], [ 410359.267300000414252, 482793.25620000064373 ], [ 410361.201999999582767, 482791.51799999922514 ], [ 410365.095200000330806, 482786.785700000822544 ], [ 410365.839700000360608, 482785.876000000163913 ], [ 410368.68680000025779, 482782.326999999582767 ], [ 410373.052000000141561, 482776.877900000661612 ], [ 410374.531700000166893, 482774.956599999219179 ], [ 410379.004599999636412, 482769.148600000888109 ], [ 410379.651999999769032, 482768.307900000363588 ], [ 410381.377500000409782, 482765.05460000038147 ], [ 410384.021999999880791, 482760.068099999800324 ], [ 410385.466400000266731, 482756.677899999544024 ], [ 410385.479600000195205, 482756.64670000039041 ], [ 410385.482099999673665, 482756.640799999237061 ], [ 410385.615000000223517, 482756.32880000025034 ], [ 410388.112099999561906, 482750.4679000005126 ], [ 410388.860799999907613, 482748.605399999767542 ], [ 410392.272099999710917, 482740.117900000885129 ], [ 410395.112499999813735, 482731.066199999302626 ], [ 410395.912100000306964, 482728.51799999922514 ], [ 410399.33739999961108, 482716.56900000013411 ], [ 410399.782800000160933, 482715.018100000917912 ], [ 410400.423700000159442, 482712.788499999791384 ], [ 410402.543300000019372, 482705.4695999994874 ], [ 410404.999400000087917, 482696.995799999684095 ], [ 410407.303700000047684, 482689.046499999240041 ], [ 410408.021999999880791, 482686.567999999970198 ], [ 410409.747899999842048, 482681.563400000333786 ], [ 410411.512000000104308, 482676.44789999909699 ], [ 410412.91370000038296, 482673.427799999713898 ], [ 410415.863199999555945, 482667.072300000116229 ], [ 410416.811999999918044, 482665.028000000864267 ], [ 410419.067099999636412, 482660.961400000378489 ], [ 410421.691999999806285, 482656.228000000119209 ], [ 410423.134200000204146, 482654.047199999913573 ], [ 410426.67200000025332, 482648.69789999909699 ], [ 410430.250599999912083, 482644.318299999460578 ], [ 410432.391900000162423, 482641.698000000789762 ], [ 410434.633100000210106, 482639.316800000146031 ], [ 410438.152099999599159, 482635.57799999974668 ], [ 410441.908599999733269, 482632.145300000905991 ], [ 410445.3421, 482629.00789999961853 ], [ 410449.267099999822676, 482625.878599999472499 ], [ 410454.861999999731779, 482621.417899999767542 ], [ 410462.171900000423193, 482616.627900000661612 ], [ 410463.458999999798834, 482615.966299999505281 ], [ 410472.132100000046194, 482611.50789999961853 ], [ 410475.328499999828637, 482610.184399999678135 ], [ 410480.802099999971688, 482607.917999999597669 ], [ 410485.662100000306964, 482606.147900000214577 ], [ 410487.606800000183284, 482605.589600000530481 ], [ 410490.99210000038147, 482604.617900000885129 ], [ 410496.098199999891222, 482603.568900000303984 ], [ 410498.342000000178814, 482603.107899999246001 ], [ 410502.832999999634922, 482602.2818 ], [ 410505.082100000232458, 482601.867900000885129 ], [ 410509.191999999806285, 482601.388000000268221 ], [ 410515.561999999918044, 482600.647900000214577 ], [ 410521.352099999785423, 482600.337899999693036 ], [ 410524.692099999636412, 482600.487999999895692 ], [ 410529.849700000137091, 482600.832800000905991 ], [ 410533.8295, 482601.098699999973178 ], [ 410536.962000000290573, 482601.308000000193715 ], [ 410537.7796, 482601.447200000286102 ], [ 410539.448099999688566, 482601.731399999931455 ], [ 410540.846800000406802, 482601.9695999994874 ], [ 410544.302000000141561, 482602.557900000363588 ], [ 410547.509300000034273, 482603.288200000301003 ], [ 410554.271999999880791, 482604.827899999916553 ], [ 410556.085900000296533, 482605.435499999672174 ], [ 410562.332000000402331, 482607.528000000864267 ], [ 410564.924899999983609, 482608.718399999663234 ], [ 410573.702100000344217, 482612.747999999672174 ], [ 410574.727500000037253, 482613.273499999195337 ], [ 410579.49930000025779, 482615.719200000166893 ], [ 410581.271999999880791, 482616.627900000661612 ], [ 410582.60329999960959, 482617.567399999126792 ], [ 410584.09250000026077, 482618.618300000205636 ], [ 410590.752100000157952, 482623.317999999970198 ], [ 410593.912100000306964, 482625.761800000444055 ], [ 410598.252000000327826, 482629.117900000885129 ], [ 410604.765399999916553, 482635.159900000318885 ], [ 410611.24199999962002, 482641.167899999767542 ], [ 410616.349999999627471, 482646.126499999314547 ], [ 410620.81209999974817, 482650.458100000396371 ], [ 410630.408599999733269, 482660.032500000670552 ], [ 410635.530299999751151, 482665.142599999904633 ], [ 410638.292000000365078, 482667.897900000214577 ], [ 410645.649799999780953, 482674.014200000092387 ], [ 410651.92200000025332, 482679.228000000119209 ], [ 410655.440299999900162, 482681.481499999761581 ], [ 410666.893600000068545, 482688.817500000819564 ], [ 410668.361999999731779, 482689.757999999448657 ], [ 410675.481999999843538, 482693.76799999922514 ], [ 410677.517300000414252, 482694.627900000661612 ], [ 410678.000799999572337, 482694.832200000062585 ], [ 410683.031999999657273, 482696.957900000736117 ], [ 410693.330699999816716, 482700.515000000596046 ], [ 410696.031999999657273, 482701.448000000789762 ], [ 410702.526700000278652, 482703.301300000399351 ], [ 410704.302000000141561, 482703.807900000363588 ], [ 410705.494500000029802, 482704.049699999392033 ], [ 410710.122100000269711, 482704.987999999895692 ], [ 410716.862099999561906, 482705.917999999597669 ], [ 410727.16509999986738, 482706.712799999862909 ], [ 410728.164499999955297, 482706.789899999275804 ], [ 410730.602099999785423, 482706.977900000289083 ], [ 410737.422500000335276, 482707.280200000852346 ], [ 410741.432099999859929, 482707.457900000736117 ], [ 410754.851800000295043, 482707.559000000357628 ], [ 410762.661999999545515, 482707.617900000885129 ], [ 410766.47580000013113, 482707.966000000014901 ], [ 410767.701999999582767, 482708.077899999916553 ], [ 410777.886699999682605, 482708.365599999204278 ], [ 410783.99199999962002, 482708.537900000810623 ], [ 410798.067900000140071, 482708.579800000414252 ], [ 410817.109299999661744, 482708.636499999091029 ], [ 410824.281999999657273, 482708.6579 ], [ 410825.951999999582767, 482708.618000000715256 ], [ 410828.840699999593198, 482708.596899999305606 ], [ 410828.935899999924004, 482708.683900000527501 ], [ 410829.311999999918044, 482709.027899999171495 ], [ 410831.401999999769032, 482710.597899999469519 ], [ 410834.082000000402331, 482712.517899999395013 ], [ 410836.701999999582767, 482713.617900000885129 ], [ 410838.832000000402331, 482714.737900000065565 ], [ 410842.17200000025332, 482716.147900000214577 ], [ 410847.182000000029802, 482717.847899999469519 ], [ 410857.897199999541044, 482721.463500000536442 ], [ 410863.451999999582767, 482723.337899999693036 ], [ 410871.781999999657273, 482725.957900000736117 ], [ 410886.542000000365078, 482730.837899999693036 ], [ 410894.752000000327826, 482733.167899999767542 ], [ 410902.351999999955297, 482735.397900000214577 ], [ 410909.842000000178814, 482737.117900000885129 ], [ 410918.632000000216067, 482738.607899999246001 ], [ 410927.420800000429153, 482740.087500000372529 ], [ 410937.401999999769032, 482741.767899999395013 ], [ 410947.962000000290573, 482743.647900000214577 ], [ 410957.369699999690056, 482745.185900000855327 ], [ 410963.132000000216067, 482746.127900000661612 ], [ 410974.932000000029802, 482748.317900000140071 ], [ 410994.893299999646842, 482752.763199999928474 ], [ 410998.281999999657273, 482753.517899999395013 ], [ 411007.863199999555945, 482755.606200000271201 ], [ 411017.321999999694526, 482757.667899999767542 ], [ 411028.031999999657273, 482760.067900000140071 ], [ 411044.17200000025332, 482763.337899999693036 ], [ 411071.411999999545515, 482768.597899999469519 ], [ 411087.622000000439584, 482771.637900000438094 ], [ 411097.161999999545515, 482773.867900000885129 ], [ 411110.411999999545515, 482776.9079 ], [ 411122.061999999918044, 482779.747899999842048 ], [ 411126.071999999694526, 482781.037900000810623 ], [ 411129.262000000104308, 482782.177899999544024 ], [ 411131.401999999769032, 482783.237900000065565 ], [ 411133.580000000074506, 482783.511700000613928 ], [ 411133.952100000344217, 482783.787900000810623 ], [ 411141.532100000418723, 482789.417899999767542 ], [ 411146.382000000216067, 482793.727900000289083 ], [ 411155.191999999806285, 482800.607999999076128 ], [ 411165.822100000455976, 482808.808000000193715 ], [ 411182.642, 482821.667899999767542 ], [ 411198.352099999785423, 482833.118000000715256 ], [ 411203.212000000290573, 482836.76799999922514 ], [ 411226.922100000083447, 482855.397900000214577 ], [ 411237.361999999731779, 482863.707900000736117 ], [ 411265.102099999785423, 482885.948000000789762 ], [ 411265.132000000216067, 482885.847899999469519 ], [ 411265.592000000178814, 482886.237900000065565 ], [ 411274.24199999962002, 482892.367900000885129 ], [ 411285.281999999657273, 482900.367900000885129 ], [ 411306.252000000327826, 482915.037900000810623 ], [ 411319.521999999880791, 482924.357899999246001 ], [ 411324.488400000147521, 482928.13370000012219 ], [ 411325.902099999599159, 482924.810900000855327 ], [ 411328.24349999986589, 482926.160399999469519 ], [ 411343.834599999710917, 482904.785499999299645 ], [ 411345.811099999584258, 482898.926000000908971 ], [ 411346.256400000303984, 482883.991699999198318 ], [ 411349.166799999773502, 482870.36570000089705 ], [ 411352.341799999587238, 482861.502100000157952 ], [ 411359.255599999800324, 482849.380599999800324 ], [ 411361.103799999691546, 482841.314200000837445 ], [ 411369.640700000338256, 482816.018799999728799 ], [ 411365.92200000025332, 482815.057900000363588 ], [ 411347.832000000402331, 482811.617900000885129 ], [ 411343.752000000327826, 482811.137900000438094 ], [ 411334.781999999657273, 482809.177899999544024 ], [ 411325.292000000365078, 482807.537900000810623 ], [ 411320.74199999962002, 482806.517899999395013 ], [ 411316.74199999962002, 482805.267899999395013 ], [ 411319.642, 482800.247899999842048 ], [ 411322.462000000290573, 482793.817900000140071 ], [ 411325.281999999657273, 482785.617900000885129 ], [ 411327.792000000365078, 482777.777899999171495 ], [ 411332.731999999843538, 482760.227900000289083 ], [ 411334.451999999582767, 482753.6579 ], [ 411335.552000000141561, 482749.347899999469519 ], [ 411337.432000000029802, 482736.567900000140071 ], [ 411338.531999999657273, 482729.047900000587106 ], [ 411339.082000000402331, 482724.9679000005126 ], [ 411340.17200000025332, 482720.307900000363588 ], [ 411342.981999999843538, 482710.69789999909699 ], [ 411344.795099999755621, 482706.408600000664592 ], [ 411344.809899999760091, 482706.373800000175834 ], [ 411345.252000000327826, 482705.327899999916553 ], [ 411350.462700000032783, 482695.797700000926852 ], [ 411352.151999999769032, 482692.707900000736117 ], [ 411354.340599999763072, 482688.199100000783801 ], [ 411359.142, 482678.307900000363588 ], [ 411359.972000000067055, 482676.127900000661612 ], [ 411363.212000000290573, 482668.50789999961853 ], [ 411366.042000000365078, 482662.667899999767542 ], [ 411367.281999999657273, 482657.977900000289083 ], [ 411367.560100000351667, 482656.450799999758601 ], [ 411368.42200000025332, 482651.7179000005126 ], [ 411368.951999999582767, 482647.857899999246001 ], [ 411369.412100000306964, 482642.531999999657273 ], [ 411369.682000000029802, 482639.4079 ], [ 411369.69539999961853, 482638.336400000378489 ], [ 411369.781999999657273, 482631.367900000885129 ], [ 411369.533999999985099, 482622.692399999126792 ], [ 411369.400999999605119, 482618.077899999916553 ], [ 411369.206500000320375, 482611.582299999892712 ], [ 411368.832000000402331, 482599.137900000438094 ], [ 411368.872600000351667, 482597.976999999955297 ], [ 411369.052000000141561, 482592.857899999246001 ], [ 411369.369099999777973, 482591.488399999216199 ], [ 411369.771999999880791, 482589.747899999842048 ], [ 411370.712000000290573, 482585.25789999961853 ], [ 411372.128499999642372, 482576.838199999183416 ], [ 411353.854199999943376, 482567.99269999936223 ], [ 411352.13190000038594, 482567.885700000450015 ], [ 411329.824599999934435, 482570.057499999180436 ], [ 411312.044599999673665, 482568.787499999627471 ], [ 411298.877000000327826, 482563.599600000306964 ], [ 411288.303100000135601, 482551.056900000199676 ], [ 411280.13300000037998, 482545.152000000700355 ], [ 411271.824300000444055, 482538.931399999186397 ], [ 411259.838700000196695, 482533.150399999693036 ], [ 411247.221499999985099, 482530.519300000742078 ], [ 411231.033499999903142, 482530.676599999889731 ], [ 411214.832499999552965, 482526.07039999961853 ], [ 411197.830299999564886, 482517.31389999948442 ], [ 411182.659799999557436, 482509.341700000688434 ], [ 411166.689699999988079, 482493.350600000470877 ], [ 411165.382500000298023, 482492.843699999153614 ], [ 411148.474299999885261, 482484.424699999392033 ], [ 411135.743999999947846, 482474.672700000926852 ], [ 411113.002999999560416, 482452.655799999833107 ], [ 411102.405799999833107, 482436.212400000542402 ], [ 411098.879700000397861, 482416.591299999505281 ], [ 411102.904699999839067, 482409.7179000005126 ], [ 411110.576200000010431, 482399.371799999848008 ], [ 411113.727699999697506, 482380.038799999281764 ], [ 411118.683699999935925, 482360.228900000452995 ], [ 411121.625500000081956, 482336.704500000923872 ], [ 411122.490000000223517, 482312.770600000396371 ], [ 411124.345599999651313, 482298.508600000292063 ], [ 411111.259899999946356, 482275.11769999936223 ], [ 411103.905100000090897, 482250.567800000309944 ], [ 411101.095200000330806, 482234.55320000089705 ], [ 411099.734000000171363, 482225.830399999395013 ], [ 411099.376600000075996, 482223.540100000798702 ], [ 411099.277900000102818, 482223.54869999922812 ], [ 411091.082799999974668, 482224.872400000691414 ], [ 411084.174999999813735, 482193.274100000038743 ], [ 411087.035899999551475, 482171.923200000077486 ], [ 411088.730499999597669, 482171.094100000336766 ], [ 411089.518099999986589, 482170.297399999573827 ], [ 411088.243800000287592, 482148.559100000187755 ], [ 411067.77350000012666, 482101.129599999636412 ], [ 411028.796799999661744, 482104.981799999251962 ], [ 411027.32120000012219, 482105.393400000408292 ], [ 411022.682000000029802, 482108.177899999544024 ], [ 411010.722000000067055, 482114.6579 ], [ 410995.941999999806285, 482120.147900000214577 ], [ 410977.342000000178814, 482128.287900000810623 ], [ 410964.392, 482136.437899999320507 ], [ 410949.951999999582767, 482149.597899999469519 ], [ 410919.701000000350177, 482172.93720000050962 ], [ 410906.044700000435114, 482187.68129999935627 ], [ 410885.932099999859929, 482226.32149999961257 ], [ 410871.50870000012219, 482217.500499999150634 ], [ 410834.917200000025332, 482195.851500000804663 ], [ 410839.467400000430644, 482177.471300000324845 ], [ 410851.209699999541044, 482148.283500000834465 ], [ 410852.257000000216067, 482148.265599999576807 ], [ 410884.597000000067055, 482150.293299999088049 ], [ 410892.7652000002563, 482144.969399999827147 ], [ 410926.713299999944866, 482102.61739999987185 ], [ 410928.457200000062585, 482101.969499999657273 ], [ 410943.918399999849498, 482049.729199999943376 ], [ 410944.899400000460446, 482044.178400000557303 ], [ 410948.450500000268221, 482024.086100000888109 ], [ 410944.76410000026226, 481974.383899999782443 ], [ 410958.408599999733269, 481952.395700000226498 ], [ 410997.402200000360608, 481923.050100000575185 ], [ 411060.625900000333786, 481897.208599999547005 ], [ 411095.870199999772012, 481863.562000000849366 ], [ 411097.326899999752641, 481861.086500000208616 ], [ 411118.391099999658763, 481822.640599999576807 ], [ 411133.665199999697506, 481730.13539999909699 ], [ 411121.916600000113249, 481665.395199999213219 ], [ 411088.296900000423193, 481609.92989999987185 ], [ 411087.642599999904633, 481605.920099999755621 ], [ 411075.776800000108778, 481561.527799999341369 ], [ 411054.448800000362098, 481522.091700000688434 ], [ 410895.044800000265241, 481398.502800000831485 ], [ 410895.202399999834597, 481400.676799999549985 ], [ 410875.599499999545515, 481411.146099999547005 ], [ 410834.82010000012815, 481430.263499999418855 ], [ 410799.571700000204146, 481423.703700000420213 ], [ 410799.610799999907613, 481392.893500000238419 ], [ 410799.4068, 481391.316299999132752 ], [ 410799.768799999728799, 481367.962400000542402 ], [ 410773.345800000242889, 481360.339600000530481 ], [ 410767.939899999648333, 481376.82799999974668 ], [ 410752.3597999997437, 481370.743599999696016 ], [ 410746.632000000216067, 481360.840099999681115 ], [ 410724.794599999673665, 481355.667899999767542 ], [ 410715.099299999885261, 481336.089900000020862 ], [ 410714.691999999806285, 481336.017899999395013 ], [ 410713.611999999731779, 481335.25789999961853 ], [ 410713.061999999918044, 481334.047900000587106 ], [ 410713.117700000293553, 481333.56389999948442 ], [ 410700.227099999785423, 481333.316299999132752 ], [ 410692.886800000444055, 481336.724300000816584 ], [ 410677.540900000371039, 481338.841000000014901 ], [ 410648.907399999909103, 481331.755400000140071 ], [ 410644.2034, 481331.908900000154972 ], [ 410631.185899999924004, 481332.067600000649691 ], [ 410623.724600000306964, 481330.480100000277162 ], [ 410619.914599999785423, 481325.876299999654293 ], [ 410616.422100000083447, 481323.495100000873208 ], [ 410610.236100000329316, 481322.985600000247359 ], [ 410602.928299999795854, 481322.383799999952316 ], [ 410585.797399999573827, 481321.573899999260902 ], [ 410579.116799999959767, 481319.409700000658631 ], [ 410575.392, 481336.647900000214577 ], [ 410572.608599999919534, 481350.857899999246001 ], [ 410572.442099999636412, 481351.708000000566244 ], [ 410570.75650000013411, 481363.726500000804663 ], [ 410570.442099999636412, 481365.967800000682473 ], [ 410569.896800000220537, 481373.62360000051558 ], [ 410569.682099999859929, 481376.638000000268221 ], [ 410569.762299999594688, 481384.984400000423193 ], [ 410569.802000000141561, 481389.121300000697374 ], [ 410569.862099999561906, 481395.367900000885129 ], [ 410570.060200000181794, 481401.786100000143051 ], [ 410570.402099999599159, 481412.868000000715256 ], [ 410571.470700000412762, 481431.743400000035763 ], [ 410571.511599999852479, 481432.376199999824166 ], [ 410572.111800000071526, 481437.317999999970198 ], [ 410574.762099999934435, 481459.138000000268221 ], [ 410576.783599999733269, 481474.582000000402331 ], [ 410577.482099999673665, 481479.917999999597669 ], [ 410579.652200000360608, 481495.157999999821186 ], [ 410580.651999999769032, 481500.968000000342727 ], [ 410581.839900000020862, 481508.449400000274181 ], [ 410582.361999999731779, 481511.737999999895692 ], [ 410582.522199999541044, 481517.999500000849366 ], [ 410582.532100000418723, 481518.388000000268221 ], [ 410583.052400000393391, 481520.490299999713898 ], [ 410583.532100000418723, 481522.427999999374151 ], [ 410584.901499999687076, 481528.436300000175834 ], [ 410587.582100000232458, 481540.198000000789762 ], [ 410588.406299999915063, 481543.300400000065565 ], [ 410593.866899999789894, 481563.85329999960959 ], [ 410594.160799999721348, 481564.959499999880791 ], [ 410602.911899999715388, 481597.898000000044703 ], [ 410609.160899999551475, 481619.380599999800324 ], [ 410620.953999999910593, 481659.922700000926852 ], [ 410623.991200000047684, 481670.363900000229478 ], [ 410627.992600000463426, 481684.117799999192357 ], [ 410628.964999999850988, 481687.438400000333786 ], [ 410635.082100000232458, 481708.32799999974668 ], [ 410635.351099999621511, 481709.392500000074506 ], [ 410636.92200000025332, 481715.607999999076128 ], [ 410638.271999999880791, 481719.427899999544024 ], [ 410638.532100000418723, 481725.247899999842048 ], [ 410638.947900000028312, 481728.388599999248981 ], [ 410641.299700000323355, 481746.151699999347329 ], [ 410643.619199999608099, 481763.670199999585748 ], [ 410643.651999999769032, 481763.917899999767542 ], [ 410644.004399999976158, 481766.384500000625849 ], [ 410644.291600000113249, 481768.394400000572205 ], [ 410644.342000000178814, 481768.747899999842048 ], [ 410644.410400000400841, 481770.697399999946356 ], [ 410644.414099999703467, 481770.803999999538064 ], [ 410644.451999999582767, 481771.887900000438094 ], [ 410644.191300000064075, 481796.088500000536442 ], [ 410644.151999999769032, 481799.740100000053644 ], [ 410644.146599999628961, 481800.246500000357628 ], [ 410644.122000000439584, 481802.527899999171495 ], [ 410642.089100000448525, 481817.886099999770522 ], [ 410639.291199999861419, 481839.024100000038743 ], [ 410639.236700000241399, 481839.436000000685453 ], [ 410639.111999999731779, 481840.377900000661612 ], [ 410626.941999999806285, 481921.50789999961853 ], [ 410625.813799999654293, 481921.27280000038445 ], [ 410621.472000000067055, 481920.367900000885129 ], [ 410616.957499999552965, 481918.973400000482798 ], [ 410605.970099999569356, 481915.5793999992311 ], [ 410599.179999999701977, 481932.92710000090301 ], [ 410586.47649999987334, 481960.98619999922812 ], [ 410565.673499999567866, 481981.928400000557303 ], [ 410537.564699999988079, 482005.340700000524521 ], [ 410523.146200000308454, 482021.95549999922514 ], [ 410502.946299999952316, 482053.603499999269843 ], [ 410480.371199999935925, 482082.89670000039041 ], [ 410461.85840000025928, 482103.135099999606609 ], [ 410461.912499999627471, 482108.970200000330806 ], [ 410461.434999999590218, 482119.681700000539422 ], [ 410463.022499999962747, 482128.942199999466538 ], [ 410464.878800000064075, 482133.004300000146031 ], [ 410465.396800000220537, 482135.017799999564886 ], [ 410466.661399999633431, 482143.408999999985099 ], [ 410467.338200000114739, 482144.682800000533462 ], [ 410482.822800000198185, 482165.428300000727177 ], [ 410474.488400000147521, 482171.381400000303984 ], [ 410458.076200000010431, 482174.244400000199676 ], [ 410454.289900000207126, 482174.904899999499321 ], [ 410453.889499999582767, 482174.974799999967217 ], [ 410442.672199999913573, 482176.011600000783801 ], [ 410429.112200000323355, 482175.019400000572205 ], [ 410418.198200000450015, 482167.412699999287724 ], [ 410405.976700000464916, 482151.655099999159575 ], [ 410403.956699999980628, 482149.980000000447035 ], [ 410400.764999999664724, 482147.333300000056624 ], [ 410376.473799999803305, 482144.105100000277162 ], [ 410358.198300000280142, 482149.454199999570847 ], [ 410350.490399999544024, 482151.710200000554323 ], [ 410333.253800000064075, 482189.584499999880791 ], [ 410311.831399999558926, 482230.459699999541044 ], [ 410311.862499999813735, 482232.349999999627471 ], [ 410306.012000000104308, 482251.437899999320507 ], [ 410295.523199999704957, 482261.54109999909997 ], [ 410289.151999999769032, 482267.677899999544024 ], [ 410287.318699999712408, 482269.649299999698997 ], [ 410283.561099999584258, 482273.689999999478459 ], [ 410279.78110000025481, 482279.596200000494719 ], [ 410276.153699999675155, 482281.6554000005126 ], [ 410274.682000000029802, 482283.237900000065565 ], [ 410269.231999999843538, 482289.747899999842048 ], [ 410262.175400000065565, 482299.081700000911951 ], [ 410260.462000000290573, 482301.347899999469519 ], [ 410251.278500000014901, 482309.485999999567866 ], [ 410243.332000000402331, 482316.527899999171495 ], [ 410236.078099999576807, 482321.767400000244379 ], [ 410229.432000000029802, 482326.567900000140071 ], [ 410209.232200000435114, 482335.656899999827147 ], [ 410207.851999999955297, 482336.277899999171495 ], [ 410197.611800000071526, 482337.398399999365211 ], [ 410184.41370000038296, 482338.842499999329448 ], [ 410181.441700000315905, 482339.167799999937415 ], [ 410180.892, 482339.227900000289083 ], [ 410166.281999999657273, 482341.137900000438094 ], [ 410159.665599999949336, 482344.377000000327826 ], [ 410149.531999999657273, 482349.337899999693036 ], [ 410133.811999999918044, 482354.227900000289083 ], [ 410117.302000000141561, 482355.597899999469519 ], [ 410109.602800000458956, 482354.290599999949336 ], [ 410118.186999999918044, 482379.262099999934435 ], [ 410120.936499999836087, 482385.806399999186397 ], [ 410118.901999999769032, 482385.997899999842048 ], [ 410102.821999999694526, 482386.4079 ], [ 410092.071999999694526, 482389.19789999909699 ], [ 410087.161999999545515, 482390.897900000214577 ], [ 410074.601999999955297, 482396.317900000140071 ], [ 410058.602099999785423, 482402.177899999544024 ], [ 410055.41330000013113, 482403.130300000309944 ], [ 410042.932000000029802, 482406.857899999246001 ], [ 410028.102099999785423, 482409.907999999821186 ], [ 410024.981999999843538, 482410.827899999916553 ], [ 410022.205299999564886, 482411.520700000226498 ], [ 410018.542399999685585, 482412.692199999466538 ], [ 410016.678000000305474, 482413.474899999797344 ], [ 409995.238300000317395, 482422.475899999961257 ], [ 409985.052299999631941, 482424.3739 ], [ 409979.648400000296533, 482425.1402000002563 ], [ 409974.416000000201166, 482425.882099999114871 ], [ 409966.557900000363588, 482426.675799999386072 ], [ 409961.330199999734759, 482425.998500000685453 ], [ 409952.855600000359118, 482426.339800000190735 ], [ 409930.580099999904633, 482424.611600000411272 ], [ 409919.46860000025481, 482426.08049999922514 ], [ 409907.615199999883771, 482427.13880000077188 ], [ 409894.6398, 482428.573899999260902 ], [ 409887.279799999669194, 482438.419099999591708 ], [ 409866.25789999961853, 482438.830900000408292 ], [ 409839.097799999639392, 482442.462400000542402 ], [ 409838.847900000400841, 482442.500099999830127 ], [ 409827.102300000376999, 482446.351999999955297 ], [ 409812.783300000242889, 482450.044800000265241 ], [ 409812.130099999718368, 482453.297399999573827 ], [ 409797.975599999539554, 482458.477800000458956 ], [ 409795.839100000448525, 482465.374299999326468 ], [ 409795.392199999652803, 482469.381899999454618 ], [ 409795.6102, 482473.451999999582767 ], [ 409795.345599999651313, 482480.463500000536442 ], [ 409794.091099999845028, 482481.049000000581145 ], [ 409793.361299999989569, 482481.389599999412894 ], [ 409793.72690000012517, 482484.314600000157952 ], [ 409794.551900000311434, 482490.914599999785423 ], [ 409793.758100000210106, 482493.824999999254942 ], [ 409785.593299999833107, 482498.004599999636412 ], [ 409782.947399999946356, 482501.237999999895692 ], [ 409793.684500000439584, 482532.516100000590086 ], [ 409793.898900000378489, 482533.140699999406934 ], [ 409784.513700000010431, 482539.968699999153614 ], [ 409770.369400000199676, 482549.791999999433756 ], [ 409770.132000000216067, 482549.9679000005126 ], [ 409756.231999999843538, 482560.307900000363588 ], [ 409754.974499999545515, 482561.067900000140071 ], [ 409750.332700000144541, 482553.597500000149012 ], [ 409745.210699999704957, 482554.900800000876188 ], [ 409734.647300000302494, 482558.436000000685453 ], [ 409732.246299999766052, 482559.14299999922514 ], [ 409737.731999999843538, 482571.487900000065565 ], [ 409739.418100000359118, 482575.732200000435114 ], [ 409727.78899999987334, 482589.786800000816584 ], [ 409728.373399999924004, 482589.519200000911951 ], [ 409718.252299999818206, 482606.34569999948144 ], [ 409708.757399999536574, 482621.2956000007689 ], [ 409691.091400000266731, 482637.968399999663234 ], [ 409675.742700000293553, 482653.534499999135733 ], [ 409650.7955, 482686.399100000038743 ], [ 409649.574900000356138, 482685.881300000473857 ], [ 409649.041199999861419, 482687.676699999719858 ], [ 409647.841799999587238, 482688.960200000554323 ], [ 409646.62459999974817, 482692.501800000667572 ], [ 409645.051400000229478, 482697.079199999570847 ], [ 409640.288900000043213, 482701.3125 ], [ 409635.791000000201166, 482702.900000000372529 ], [ 409625.472199999727309, 482705.016699999570847 ], [ 409605.794700000435114, 482710.453900000080466 ], [ 409597.552699999883771, 482718.431700000539422 ], [ 409580.858900000341237, 482736.874800000339746 ], [ 409579.901999999769032, 482733.457900000736117 ], [ 409577.552000000141561, 482727.607899999246001 ], [ 409573.832100000232458, 482717.865299999713898 ], [ 409573.351999999955297, 482716.607899999246001 ], [ 409571.77240000013262, 482705.130100000649691 ], [ 409564.683899999596179, 482703.428999999538064 ], [ 409549.702399999834597, 482704.577600000426173 ], [ 409539.819199999794364, 482705.974300000816584 ], [ 409529.954300000332296, 482705.850299999117851 ], [ 409517.648599999956787, 482708.072100000455976 ], [ 409509.821000000461936, 482708.274700000882149 ], [ 409498.028800000436604, 482706.679400000721216 ], [ 409484.243200000375509, 482705.523700000718236 ], [ 409474.049599999561906, 482702.403300000354648 ], [ 409455.041699999943376, 482701.405899999663234 ], [ 409444.197800000198185, 482699.829500000923872 ], [ 409432.172600000165403, 482697.55489999987185 ], [ 409406.560100000351667, 482690.293400000780821 ], [ 409397.282599999569356, 482686.823200000450015 ], [ 409387.930900000035763, 482693.108500000089407 ], [ 409374.467400000430644, 482682.267799999564886 ], [ 409364.677799999713898, 482688.882400000467896 ], [ 409353.036199999973178, 482699.994899999350309 ], [ 409333.456899999640882, 482721.426200000569224 ], [ 409312.554800000041723, 482743.651300000026822 ], [ 409315.200699999928474, 482753.176300000399351 ], [ 409330.206899999640882, 482765.362299999222159 ], [ 409329.494099999777973, 482769.216299999505281 ], [ 409326.849000000394881, 482771.39949999935925 ], [ 409324.229600000195205, 482776.558900000527501 ], [ 409327.690600000321865, 482779.992799999192357 ], [ 409329.14780000038445, 482781.910099999979138 ], [ 409330.735299999825656, 482788.895099999383092 ], [ 409327.877799999900162, 482793.657600000500679 ], [ 409317.717699999921024, 482800.642599999904633 ], [ 409320.257699999958277, 482805.246400000527501 ], [ 409324.543999999761581, 482813.660199999809265 ], [ 409333.275299999862909, 482831.122700000181794 ], [ 409337.08530000038445, 482841.917700000107288 ], [ 409334.723399999551475, 482846.620300000533462 ], [ 409334.825000000186265, 482846.731799999251962 ], [ 409326.516499999910593, 482854.271299999207258 ], [ 409322.2818, 482856.866699999198318 ], [ 409314.3443, 482854.88230000063777 ], [ 409304.753100000321865, 482852.898000000044703 ], [ 409289.539599999785423, 482857.197399999946356 ], [ 409274.987399999983609, 482865.465700000524521 ], [ 409262.611100000329316, 482883.506999999284744 ], [ 409256.384600000455976, 482885.667500000447035 ], [ 409257.661999999545515, 482888.277899999171495 ], [ 409260.592000000178814, 482894.607899999246001 ], [ 409263.648400000296533, 482902.698699999600649 ], [ 409266.231999999843538, 482909.537900000810623 ], [ 409260.792000000365078, 482911.847899999469519 ], [ 409260.281999999657273, 482912.067900000140071 ], [ 409235.002000000327826, 482922.097899999469519 ], [ 409210.67200000025332, 482931.417899999767542 ], [ 409194.052000000141561, 482937.117900000885129 ], [ 409188.451999999582767, 482938.667899999767542 ], [ 409182.824400000274181, 482940.262499999254942 ], [ 409184.083599999547005, 482942.683399999514222 ], [ 409185.671099999919534, 482949.430299999192357 ], [ 409188.846099999733269, 482960.675100000575185 ], [ 409188.713800000026822, 482969.141799999400973 ], [ 409183.15749999973923, 482972.052200000733137 ], [ 409177.892300000414252, 482974.144799999892712 ], [ 409174.4704, 482976.603000000119209 ], [ 409154.150299999862909, 482982.529699999839067 ], [ 409150.340300000272691, 482989.726399999111891 ], [ 409152.245299999602139, 483010.258099999278784 ], [ 409152.489799999631941, 483010.869400000199676 ], [ 409152.377600000239909, 483016.264200000092387 ], [ 409151.503299999982119, 483019.915599999949336 ], [ 409151.545800000429153, 483020.240800000727177 ], [ 409150.521999999880791, 483020.427899999544024 ], [ 409148.608099999837577, 483020.650499999523163 ], [ 409141.310200000181794, 483021.499199999496341 ], [ 409142.405100000090897, 483034.936799999326468 ], [ 409146.373800000175834, 483046.578500000759959 ], [ 409149.813400000333786, 483060.866100000217557 ], [ 409150.871799999848008, 483071.449400000274181 ], [ 409147.696800000034273, 483079.651499999687076 ], [ 409142.405100000090897, 483089.970300000160933 ], [ 409142.669700000435114, 483107.432800000533462 ], [ 409143.992600000463426, 483119.868300000205636 ], [ 409139.494699999690056, 483125.953700000420213 ], [ 409135.261300000362098, 483130.45160000026226 ], [ 409131.292600000277162, 483138.653699999675155 ], [ 409128.442999999970198, 483151.087999999523163 ], [ 409135.311999999918044, 483153.19789999909699 ], [ 409136.712899999693036, 483153.513399999588728 ], [ 409142.372100000269711, 483154.78800000064075 ], [ 409156.412200000137091, 483157.058100000023842 ], [ 409167.061999999918044, 483158.00789999961853 ], [ 409196.3421, 483159.817900000140071 ], [ 409223.702100000344217, 483161.487999999895692 ], [ 409255.99210000038147, 483162.807900000363588 ], [ 409263.372000000439584, 483162.477900000289083 ] ] ] } },
{ "type": "Feature", "properties": { "OBJECTID": 0, "GND_N": "Maharagama Town", "CM_Index": null, "GND_NO": "530", "GND_C": "165", "PROVINCE_N": "WESTERN", "PROVINCE_C": "1", "DISTRICT_N": "COLOMBO", "DISTRICT_C": "1", "DSD_N": "MAHARAGAMA", "DSD_C": "21", "MC_UC_PC_N": null, "GND_NO_Cen": "530", "GND_NAME_C": "Maharagama Town", "GND_NO_Gaz": "530", "GND_NAME_G": "මහරගම නගරය", "YEAR_CREAT": "2017", "DATA_SOURC": "Satellite Images", "MTD_CREATI": "Extracted on google with Interactive Participation of Grama Niladharies", "Extent": 1299415.4016700001, "Shape_Leng": 6286.2958632099999, "Shape_Area": 1299415.4016700001 }, "geometry": { "type": "Polygon", "coordinates": [ [ [ 406491.122000000439584, 483154.987999999895692 ], [ 406532.349999999627471, 483113.857699999585748 ], [ 406549.739199999719858, 483096.509600000455976 ], [ 406562.842000000178814, 483083.437899999320507 ], [ 406562.864699999801815, 483083.415200000628829 ], [ 406563.021999999880791, 483083.50789999961853 ], [ 406580.851999999955297, 483061.327899999916553 ], [ 406591.122000000439584, 483049.917899999767542 ], [ 406597.206299999728799, 483044.395500000566244 ], [ 406602.090900000184774, 483039.96199999935925 ], [ 406616.275399999693036, 483055.804300000891089 ], [ 406624.530399999581277, 483065.805600000545382 ], [ 406629.292899999767542, 483070.09180000051856 ], [ 406635.00789999961853, 483066.758099999278784 ], [ 406641.83420000039041, 483064.853099999949336 ], [ 406648.854299999773502, 483064.231000000610948 ], [ 406650.173100000247359, 483063.389699999243021 ], [ 406656.556599999777973, 483049.630599999800324 ], [ 406660.344899999909103, 483036.130400000140071 ], [ 406686.621100000105798, 483039.541899999603629 ], [ 406733.216500000096858, 483045.23589999973774 ], [ 406742.782399999909103, 483038.621200000867248 ], [ 406755.43819999974221, 483010.373199999332428 ], [ 406762.443300000391901, 482986.6568 ], [ 406781.39850000012666, 482984.010299999266863 ], [ 406782.021399999968708, 482984.004100000485778 ], [ 406802.309100000187755, 482988.258400000631809 ], [ 406820.028500000014901, 482981.217000000178814 ], [ 406845.476099999621511, 482973.513000000268221 ], [ 406863.044800000265241, 482970.02419999986887 ], [ 406881.088299999944866, 482963.231599999591708 ], [ 406905.625500000081956, 482957.429700000211596 ], [ 406910.149500000290573, 482957.656199999153614 ], [ 406937.018699999898672, 482959.001700000837445 ], [ 406944.31969999987632, 482954.534800000488758 ], [ 406953.183199999853969, 482951.756699999794364 ], [ 406966.198800000362098, 482949.172700000926852 ], [ 406974.413399999961257, 482942.980000000447035 ], [ 406986.917700000107288, 482939.188999999314547 ], [ 406993.929100000299513, 482937.998299999162555 ], [ 406999.353099999949336, 482936.543099999427795 ], [ 407000.543700000271201, 482933.103499999269843 ], [ 407005.041699999943376, 482931.25139999948442 ], [ 407010.730200000107288, 482933.368100000545382 ], [ 407018.006299999542534, 482940.908800000324845 ], [ 407022.394299999810755, 482947.221300000324845 ], [ 407035.004800000227988, 482953.61570000089705 ], [ 407036.012000000104308, 482953.616200000047684 ], [ 407083.198200000450015, 482950.795199999585748 ], [ 407101.231999999843538, 482956.560100000351667 ], [ 407133.218799999915063, 482974.279400000348687 ], [ 407165.762600000016391, 482977.4543999992311 ], [ 407187.054700000211596, 482970.517699999734759 ], [ 407189.510300000198185, 482971.19510000012815 ], [ 407214.604500000365078, 482947.230699999257922 ], [ 407245.491100000217557, 482951.161199999973178 ], [ 407255.406000000424683, 482958.020999999716878 ], [ 407254.417399999685585, 482958.07120000012219 ], [ 407297.374499999918044, 482992.921099999919534 ], [ 407325.471699999645352, 483005.031999999657273 ], [ 407364.3125, 483005.699899999424815 ], [ 407365.35190000012517, 483006.235200000926852 ], [ 407388.143600000068545, 483008.957499999552965 ], [ 407402.748599999584258, 483015.519200000911951 ], [ 407429.476999999955297, 483031.949899999424815 ], [ 407433.82149999961257, 483032.701500000432134 ], [ 407452.979000000283122, 483047.279999999329448 ], [ 407462.915000000037253, 483059.440099999308586 ], [ 407475.615000000223517, 483068.436000000685453 ], [ 407487.256699999794364, 483067.9068 ], [ 407499.118800000287592, 483058.07010000012815 ], [ 407509.157599999569356, 483052.691999999806285 ], [ 407509.96129999961704, 483052.677799999713898 ], [ 407510.765100000426173, 483052.663499999791384 ], [ 407521.559100000187755, 483048.507799999788404 ], [ 407520.097699999809265, 483048.355100000277162 ], [ 407528.92119999974966, 483047.778200000524521 ], [ 407550.756799999624491, 483051.502599999308586 ], [ 407566.102699999697506, 483050.444299999624491 ], [ 407579.559700000099838, 483044.363500000908971 ], [ 407584.233099999837577, 483044.145600000396371 ], [ 407605.41399999987334, 483041.578299999237061 ], [ 407626.518799999728799, 483013.049699999392033 ], [ 407639.712500000372529, 483015.054199999198318 ], [ 407656.388600000180304, 483021.823300000280142 ], [ 407660.887699999846518, 483025.45299999974668 ], [ 407682.334400000050664, 483034.410499999299645 ], [ 407694.610999999567866, 483037.585500000044703 ], [ 407700.749400000087917, 483040.972200000658631 ], [ 407703.712700000032783, 483050.285499999299645 ], [ 407706.302299999631941, 483061.743100000545382 ], [ 407708.369400000199676, 483071.452199999243021 ], [ 407716.88910000026226, 483074.196599999442697 ], [ 407721.22690000012517, 483064.816600000485778 ], [ 407721.832100000232458, 483063.507999999448657 ], [ 407722.731300000101328, 483061.180700000375509 ], [ 407727.670400000177324, 483048.398600000888109 ], [ 407731.659300000406802, 483038.075500000268221 ], [ 407732.802099999971688, 483035.117900000885129 ], [ 407735.453599999658763, 483028.884600000455976 ], [ 407738.162100000306964, 483022.517899999395013 ], [ 407749.00069999974221, 483006.454600000753999 ], [ 407752.702800000086427, 483000.9679000005126 ], [ 407755.824500000104308, 482996.326199999079108 ], [ 407757.222000000067055, 482994.247999999672174 ], [ 407761.389000000432134, 482988.839800000190735 ], [ 407766.151999999769032, 482982.657999999821186 ], [ 407767.310200000181794, 482981.110300000756979 ], [ 407772.752000000327826, 482973.837899999693036 ], [ 407774.042000000365078, 482970.76799999922514 ], [ 407774.521300000138581, 482969.202800000086427 ], [ 407776.822100000455976, 482969.487900000065565 ], [ 407803.42200000025332, 482972.817999999970198 ], [ 407850.582100000232458, 482979.017899999395013 ], [ 407881.402099999599159, 482983.037900000810623 ], [ 407923.792100000195205, 482988.097999999299645 ], [ 407964.792100000195205, 482993.027899999171495 ], [ 408009.351999999955297, 482999.137900000438094 ], [ 408017.962000000290573, 483000.968000000342727 ], [ 408051.271999999880791, 483008.047900000587106 ], [ 408064.667999999597669, 483012.360999999567866 ], [ 408087.642099999822676, 483019.757999999448657 ], [ 408101.855000000447035, 483025.788499999791384 ], [ 408112.082200000062585, 483030.127900000661612 ], [ 408120.648599999956787, 483034.60950000025332 ], [ 408133.892, 483041.537900000810623 ], [ 408142.599600000306964, 483047.220100000500679 ], [ 408157.292000000365078, 483056.808000000193715 ], [ 408170.612099999561906, 483064.487999999895692 ], [ 408184.872000000439584, 483072.19789999909699 ], [ 408196.752000000327826, 483077.628000000491738 ], [ 408213.031999999657273, 483082.01799999922514 ], [ 408226.042000000365078, 483082.708000000566244 ], [ 408236.862099999561906, 483082.868000000715256 ], [ 408238.542000000365078, 483082.78800000064075 ], [ 408239.882100000046194, 483082.747899999842048 ], [ 408241.9682, 483078.38120000064373 ], [ 408242.781999999657273, 483076.677899999544024 ], [ 408246.981999999843538, 483064.357899999246001 ], [ 408254.712000000290573, 483035.50789999961853 ], [ 408254.962000000290573, 483033.037900000810623 ], [ 408255.271999999880791, 483019.417899999767542 ], [ 408255.24199999962002, 483004.307900000363588 ], [ 408255.561999999918044, 483000.9679000005126 ], [ 408256.139399999752641, 482995.003599999472499 ], [ 408256.561999999918044, 482990.637900000438094 ], [ 408252.712000000290573, 482989.977900000289083 ], [ 408220.401999999769032, 482986.807900000363588 ], [ 408212.95160000026226, 482986.182399999350309 ], [ 408181.691999999806285, 482983.557900000363588 ], [ 408163.832000000402331, 482982.647900000214577 ], [ 408164.731100000441074, 482974.901799999177456 ], [ 408164.872000000439584, 482973.687899999320507 ], [ 408166.125500000081956, 482966.903799999505281 ], [ 408167.201999999582767, 482961.077899999916553 ], [ 408167.665500000119209, 482959.186200000345707 ], [ 408168.42200000025332, 482956.097899999469519 ], [ 408168.894299999810755, 482955.010900000110269 ], [ 408172.402200000360608, 482946.93720000050962 ], [ 408173.561999999918044, 482944.267899999395013 ], [ 408176.608500000089407, 482938.878100000321865 ], [ 408182.729000000283122, 482928.050000000745058 ], [ 408184.002000000327826, 482925.797900000587106 ], [ 408190.135900000110269, 482915.517400000244379 ], [ 408195.791000000201166, 482906.03940000012517 ], [ 408196.842000000178814, 482904.277899999171495 ], [ 408198.578900000080466, 482902.044399999082088 ], [ 408205.552000000141561, 482893.077899999916553 ], [ 408212.744300000369549, 482883.890599999576807 ], [ 408215.283900000154972, 482880.64670000039041 ], [ 408218.892, 482876.037900000810623 ], [ 408216.224499999545515, 482875.489299999549985 ], [ 408213.932000000029802, 482875.017899999395013 ], [ 408216.760700000450015, 482865.408800000324845 ], [ 408222.012099999934435, 482847.569399999454618 ], [ 408225.441999999806285, 482835.917899999767542 ], [ 408227.28870000038296, 482828.664000000804663 ], [ 408241.811999999918044, 482771.617900000885129 ], [ 408244.54009999986738, 482762.146800000220537 ], [ 408249.60950000025332, 482744.547700000926852 ], [ 408252.297399999573827, 482735.216099999845028 ], [ 408253.460199999623001, 482731.179300000891089 ], [ 408254.342000000178814, 482728.117900000885129 ], [ 408254.427799999713898, 482725.97690000012517 ], [ 408254.531999999657273, 482723.377900000661612 ], [ 408253.027099999599159, 482716.701899999752641 ], [ 408248.943400000222027, 482698.58530000038445 ], [ 408248.411999999545515, 482696.227900000289083 ], [ 408246.542000000365078, 482684.857899999246001 ], [ 408246.427400000393391, 482683.903999999165535 ], [ 408245.842899999581277, 482679.036699999123812 ], [ 408245.592000000178814, 482676.94789999909699 ], [ 408245.212000000290573, 482672.2179000005126 ], [ 408245.632000000216067, 482668.707900000736117 ], [ 408245.776200000196695, 482667.010099999606609 ], [ 408246.212000000290573, 482661.877900000661612 ], [ 408247.963000000454485, 482656.3445999994874 ], [ 408248.271999999880791, 482655.367900000885129 ], [ 408248.55599999986589, 482654.907199999317527 ], [ 408249.633799999952316, 482653.15819999948144 ], [ 408252.061999999918044, 482649.2179000005126 ], [ 408254.939000000245869, 482645.708000000566244 ], [ 408259.393799999728799, 482640.273199999704957 ], [ 408266.567599999718368, 482631.52140000090003 ], [ 408269.966099999845028, 482627.375399999320507 ], [ 408291.115799999795854, 482601.573200000450015 ], [ 408293.439199999906123, 482598.738700000569224 ], [ 408294.611999999731779, 482597.307900000363588 ], [ 408295.612099999561906, 482595.738500000908971 ], [ 408299.811999999918044, 482589.147900000214577 ], [ 408299.824300000444055, 482589.161299999803305 ], [ 408300.177400000393391, 482588.468800000846386 ], [ 408301.932000000029802, 482585.207900000736117 ], [ 408321.321999999694526, 482552.4079 ], [ 408323.901999999769032, 482549.017899999395013 ], [ 408324.712000000290573, 482544.317900000140071 ], [ 408331.000300000421703, 482520.385600000619888 ], [ 408337.235100000165403, 482496.6568 ], [ 408337.332000000402331, 482496.287900000810623 ], [ 408337.376799999736249, 482496.190700000151992 ], [ 408332.260099999606609, 482493.95130000077188 ], [ 408321.623800000175834, 482491.887499999254942 ], [ 408311.940100000239909, 482487.442500000819564 ], [ 408312.355800000019372, 482481.121999999508262 ], [ 408308.877999999560416, 482452.841600000858307 ], [ 408302.484899999573827, 482455.119999999180436 ], [ 408300.682699999772012, 482455.762299999594688 ], [ 408299.151999999769032, 482456.307900000363588 ], [ 408297.284199999645352, 482456.754100000485778 ], [ 408287.542600000277162, 482459.081100000068545 ], [ 408286.342000000178814, 482459.367900000885129 ], [ 408285.513500000350177, 482459.456900000572205 ], [ 408276.293499999679625, 482460.447300000116229 ], [ 408275.821999999694526, 482460.497899999842048 ], [ 408265.252000000327826, 482460.787900000810623 ], [ 408260.464800000190735, 482460.873500000685453 ], [ 408260.388199999928474, 482460.874900000169873 ], [ 408252.951999999582767, 482461.00789999961853 ], [ 408238.092000000178814, 482461.767899999395013 ], [ 408233.991100000217557, 482461.70299999974668 ], [ 408226.722000000067055, 482461.587899999693036 ], [ 408219.547899999655783, 482459.977099999785423 ], [ 408216.121799999848008, 482459.208200000226498 ], [ 408210.552000000141561, 482457.037900000810623 ], [ 408199.300800000317395, 482450.324899999424815 ], [ 408194.411999999545515, 482447.4079 ], [ 408190.010099999606609, 482445.006899999454618 ], [ 408185.17200000025332, 482442.367900000885129 ], [ 408176.082000000402331, 482437.787900000810623 ], [ 408167.682000000029802, 482434.4079 ], [ 408156.432500000111759, 482430.054999999701977 ], [ 408155.931200000457466, 482429.945800000801682 ], [ 408148.161999999545515, 482428.207900000736117 ], [ 408144.619199999608099, 482427.45240000076592 ], [ 408143.941999999806285, 482427.307900000363588 ], [ 408140.589499999769032, 482426.526200000196695 ], [ 408139.911700000055134, 482426.368200000375509 ], [ 408137.851999999955297, 482425.887900000438094 ], [ 408134.082000000402331, 482424.917899999767542 ], [ 408106.604000000283122, 482416.544800000265241 ], [ 408104.8421, 482416.00789999961853 ], [ 408094.962199999950826, 482413.016499999910593 ], [ 408094.665000000037253, 482412.984200000762939 ], [ 408085.552299999631941, 482411.945900000631809 ], [ 408073.49199999962002, 482410.997899999842048 ], [ 408066.690999999642372, 482411.186200000345707 ], [ 408062.99199999962002, 482411.287900000810623 ], [ 408057.462000000290573, 482411.677899999544024 ], [ 408047.92200000025332, 482412.247899999842048 ], [ 408043.432000000029802, 482412.94789999909699 ], [ 408040.918399999849498, 482413.32740000076592 ], [ 408036.212000000290573, 482414.037900000810623 ], [ 408030.273199999704957, 482415.8761 ], [ 408027.811999999918044, 482416.637900000438094 ], [ 408027.736399999819696, 482416.748099999502301 ], [ 408022.726800000295043, 482424.052699999883771 ], [ 408019.9046, 482428.167700000107288 ], [ 408019.422100000083447, 482428.871300000697374 ], [ 408019.339999999850988, 482428.98619999922812 ], [ 408016.451999999582767, 482432.727900000289083 ], [ 408014.773000000044703, 482434.893500000238419 ], [ 408012.668200000189245, 482437.608200000599027 ], [ 408012.24199999962002, 482438.157999999821186 ], [ 408010.719499999657273, 482439.371500000357628 ], [ 408004.511699999682605, 482444.31980000063777 ], [ 408003.357400000095367, 482445.239900000393391 ], [ 407992.182000000029802, 482454.147900000214577 ], [ 407986.510999999940395, 482456.722400000318885 ], [ 407982.731999999843538, 482458.437899999320507 ], [ 407980.320199999958277, 482459.244699999690056 ], [ 407974.0921, 482461.327899999916553 ], [ 407968.661999999545515, 482463.417899999767542 ], [ 407961.811999999918044, 482464.525299999862909 ], [ 407961.658400000073016, 482464.550200000405312 ], [ 407961.553700000047684, 482464.567099999636412 ], [ 407960.002000000327826, 482464.817900000140071 ], [ 407953.585799999535084, 482465.318299999460578 ], [ 407953.462100000120699, 482465.32880000025034 ], [ 407949.929399999789894, 482465.447699999436736 ], [ 407947.842000000178814, 482465.517899999395013 ], [ 407943.661999999545515, 482465.237900000065565 ], [ 407942.726700000464916, 482465.022700000554323 ], [ 407934.49199999962002, 482463.127900000661612 ], [ 407928.932000000029802, 482461.667899999767542 ], [ 407918.412100000306964, 482458.637900000438094 ], [ 407913.542000000365078, 482455.687899999320507 ], [ 407907.132000000216067, 482451.587899999693036 ], [ 407902.422100000083447, 482448.097999999299645 ], [ 407896.642500000074506, 482444.057199999690056 ], [ 407890.781999999657273, 482440.367900000885129 ], [ 407882.815999999642372, 482435.4693 ], [ 407882.135099999606609, 482435.050599999725819 ], [ 407873.512000000104308, 482429.747899999842048 ], [ 407870.481999999843538, 482427.917899999767542 ], [ 407867.857900000177324, 482426.407700000330806 ], [ 407853.662100000306964, 482418.237900000065565 ], [ 407849.379700000397861, 482415.981200000271201 ], [ 407843.281999999657273, 482412.767899999395013 ], [ 407839.389299999922514, 482410.69539999961853 ], [ 407835.512000000104308, 482408.627900000661612 ], [ 407828.97719999961555, 482406.293500000610948 ], [ 407828.402099999599159, 482406.087899999693036 ], [ 407822.611999999731779, 482403.407999999821186 ], [ 407820.636699999682605, 482402.495500000193715 ], [ 407819.510700000450015, 482401.975299999117851 ], [ 407818.67200000025332, 482401.587899999693036 ], [ 407817.427899999544024, 482401.391100000590086 ], [ 407815.132000000216067, 482401.027899999171495 ], [ 407813.960500000044703, 482400.644500000402331 ], [ 407811.357499999925494, 482399.792700000107288 ], [ 407808.943500000052154, 482399.002699999138713 ], [ 407808.561999999918044, 482398.877900000661612 ], [ 407804.01630000025034, 482396.448599999770522 ], [ 407793.752100000157952, 482390.957900000736117 ], [ 407787.24199999962002, 482387.487900000065565 ], [ 407786.72649999987334, 482387.127599999308586 ], [ 407785.182000000029802, 482386.047900000587106 ], [ 407782.642, 482384.377900000661612 ], [ 407779.791699999943376, 482382.601500000804663 ], [ 407777.981999999843538, 482381.4679000005126 ], [ 407775.718100000172853, 482380.133500000461936 ], [ 407771.941999999806285, 482377.9079 ], [ 407768.788800000213087, 482375.907600000500679 ], [ 407764.893199999816716, 482373.426000000908971 ], [ 407758.300999999977648, 482369.640300000086427 ], [ 407753.270499999634922, 482367.226099999621511 ], [ 407752.252000000327826, 482366.737900000065565 ], [ 407751.949000000022352, 482366.54839999973774 ], [ 407750.697700000368059, 482365.784600000828505 ], [ 407748.082000000402331, 482364.187899999320507 ], [ 407744.691999999806285, 482361.457900000736117 ], [ 407742.382399999536574, 482359.654500000178814 ], [ 407741.771999999880791, 482359.177899999544024 ], [ 407740.42200000025332, 482356.667899999767542 ], [ 407739.813299999572337, 482352.817199999466538 ], [ 407739.705400000326335, 482352.6081000007689 ], [ 407737.981999999843538, 482349.2179000005126 ], [ 407736.795599999837577, 482347.696299999952316 ], [ 407735.480299999937415, 482346.009600000455976 ], [ 407734.901999999769032, 482345.267899999395013 ], [ 407734.695899999700487, 482345.142599999904633 ], [ 407729.083300000056624, 482341.72580000013113 ], [ 407728.122200000099838, 482341.431099999696016 ], [ 407725.9364, 482340.755100000649691 ], [ 407724.319199999794364, 482340.255000000819564 ], [ 407719.67200000025332, 482338.817900000140071 ], [ 407714.45160000026226, 482336.644799999892712 ], [ 407713.281999999657273, 482336.1579 ], [ 407705.622000000439584, 482333.25789999961853 ], [ 407697.571999999694526, 482331.2179000005126 ], [ 407693.145399999804795, 482330.173200000077486 ], [ 407688.292000000365078, 482329.027899999171495 ], [ 407686.60869999974966, 482328.55210000090301 ], [ 407682.46860000025481, 482327.382200000807643 ], [ 407677.712000000290573, 482326.037900000810623 ], [ 407675.012000000104308, 482325.4079 ], [ 407674.390100000426173, 482325.262299999594688 ], [ 407664.592000000178814, 482322.9679000005126 ], [ 407655.002000000327826, 482320.387900000438094 ], [ 407651.891800000332296, 482319.592199999839067 ], [ 407651.113699999637902, 482319.388900000602007 ], [ 407645.972000000067055, 482318.067900000140071 ], [ 407636.222000000067055, 482315.417899999767542 ], [ 407627.722000000067055, 482313.147900000214577 ], [ 407627.613400000147521, 482313.090600000694394 ], [ 407623.132500000298023, 482310.726500000804663 ], [ 407621.92200000025332, 482310.087899999693036 ], [ 407621.161399999633431, 482309.450999999418855 ], [ 407615.96100000012666, 482305.098999999463558 ], [ 407614.815499999560416, 482304.050499999895692 ], [ 407608.733199999667704, 482298.493899999186397 ], [ 407608.441999999806285, 482298.227900000289083 ], [ 407602.003899999894202, 482294.773000000044703 ], [ 407599.571999999694526, 482293.4679000005126 ], [ 407592.876799999736249, 482289.666999999433756 ], [ 407590.052000000141561, 482288.057900000363588 ], [ 407587.602699999697506, 482286.362099999561906 ], [ 407581.629800000227988, 482282.226500000804663 ], [ 407580.192099999636412, 482281.231000000610948 ], [ 407579.552000000141561, 482280.787900000810623 ], [ 407577.85120000038296, 482278.799699999392033 ], [ 407576.712000000290573, 482277.4679000005126 ], [ 407575.732599999755621, 482276.634899999946356 ], [ 407570.190000000409782, 482271.919099999591708 ], [ 407570.090800000354648, 482271.839800000190735 ], [ 407564.29700000025332, 482267.937000000849366 ], [ 407562.351999999955297, 482266.627900000661612 ], [ 407558.791199999861419, 482264.067399999126792 ], [ 407556.122000000439584, 482262.147900000214577 ], [ 407547.752000000327826, 482257.277899999171495 ], [ 407541.691399999894202, 482253.370999999344349 ], [ 407539.731100000441074, 482252.1097999997437 ], [ 407530.518899999558926, 482247.752900000661612 ], [ 407529.111999999731779, 482247.087899999693036 ], [ 407524.441499999724329, 482243.475999999791384 ], [ 407521.632000000216067, 482241.297900000587106 ], [ 407517.361800000071526, 482238.058100000023842 ], [ 407516.591599999926984, 482237.478399999439716 ], [ 407516.47719999961555, 482237.396199999377131 ], [ 407510.872000000439584, 482233.4079 ], [ 407509.91469999961555, 482232.790899999439716 ], [ 407508.671699999831617, 482231.989900000393391 ], [ 407507.820600000210106, 482231.441299999132752 ], [ 407506.512099999934435, 482230.597899999469519 ], [ 407505.001600000075996, 482229.447100000455976 ], [ 407503.781999999657273, 482228.517899999395013 ], [ 407501.980999999679625, 482227.7179000005126 ], [ 407499.840099999681115, 482226.766799999400973 ], [ 407498.223699999973178, 482226.045499999076128 ], [ 407487.820600000210106, 482219.060100000351667 ], [ 407487.722099999897182, 482218.997199999168515 ], [ 407486.424200000241399, 482218.050200000405312 ], [ 407479.222000000067055, 482212.857899999246001 ], [ 407471.990799999795854, 482208.616200000047684 ], [ 407469.979299999773502, 482207.442600000649691 ], [ 407469.912299999967217, 482207.409800000488758 ], [ 407467.457100000232458, 482206.300499999895692 ], [ 407461.502000000327826, 482203.617900000885129 ], [ 407459.230399999767542, 482202.645999999716878 ], [ 407456.747999999672174, 482201.584000000730157 ], [ 407453.446600000374019, 482200.171000000089407 ], [ 407450.627500000409782, 482198.965600000694394 ], [ 407448.201200000010431, 482197.929700000211596 ], [ 407448.028099999763072, 482197.852800000458956 ], [ 407446.614099999889731, 482197.1554000005126 ], [ 407444.9205, 482196.332000000402331 ], [ 407442.052000000141561, 482194.937899999320507 ], [ 407433.872000000439584, 482190.847899999469519 ], [ 407433.513600000180304, 482190.61849999986589 ], [ 407431.440399999730289, 482189.309499999508262 ], [ 407430.634899999946356, 482188.811899999156594 ], [ 407426.622000000439584, 482186.28800000064075 ], [ 407416.49170000012964, 482180.712400000542402 ], [ 407413.722099999897182, 482179.187899999320507 ], [ 407401.186599999666214, 482171.375700000673532 ], [ 407400.680900000035763, 482171.059900000691414 ], [ 407392.059100000187755, 482165.594000000506639 ], [ 407391.950799999758601, 482165.530899999663234 ], [ 407387.6102, 482163.469399999827147 ], [ 407376.653599999845028, 482158.268500000238419 ], [ 407376.182000000029802, 482158.047900000587106 ], [ 407374.464200000278652, 482156.981699999421835 ], [ 407363.052000000141561, 482149.898000000044703 ], [ 407353.992499999701977, 482145.703700000420213 ], [ 407347.798600000329316, 482142.83669999986887 ], [ 407343.632000000216067, 482140.9079 ], [ 407336.469899999909103, 482137.4068 ], [ 407333.951999999582767, 482136.177899999544024 ], [ 407326.802699999883771, 482132.486300000920892 ], [ 407326.38150000013411, 482132.320299999788404 ], [ 407317.42200000025332, 482128.747899999842048 ], [ 407314.009100000374019, 482127.196699999272823 ], [ 407313.901999999769032, 482127.148000000044703 ], [ 407313.224799999967217, 482126.710999999195337 ], [ 407312.174599999561906, 482126.033500000834465 ], [ 407311.42200000025332, 482125.547900000587106 ], [ 407309.771399999968708, 482124.076799999922514 ], [ 407307.191999999806285, 482121.778000000864267 ], [ 407303.022300000302494, 482117.097599999979138 ], [ 407300.182000000029802, 482112.607899999246001 ], [ 407298.315700000151992, 482106.049699999392033 ], [ 407297.472000000067055, 482103.087899999693036 ], [ 407296.619900000281632, 482101.929800000041723 ], [ 407295.021999999880791, 482099.75789999961853 ], [ 407294.514999999664724, 482099.343900000676513 ], [ 407290.551400000229478, 482096.107200000435114 ], [ 407289.24199999962002, 482095.037900000810623 ], [ 407287.948099999688566, 482094.130699999630451 ], [ 407286.700799999758601, 482093.25029999949038 ], [ 407283.172100000083447, 482090.76799999922514 ], [ 407283.10010000038892, 482090.680900000035763 ], [ 407276.592299999669194, 482082.907600000500679 ], [ 407275.186499999836087, 482081.227099999785423 ], [ 407275.111999999731779, 482081.137900000438094 ], [ 407275.302199999801815, 482079.806800000369549 ], [ 407275.453300000168383, 482078.748700000345707 ], [ 407275.532100000418723, 482078.19789999909699 ], [ 407278.981999999843538, 482074.737900000065565 ], [ 407282.832000000402331, 482070.877900000661612 ], [ 407286.731999999843538, 482066.777899999171495 ], [ 407286.747200000099838, 482066.730200000107288 ], [ 407287.691999999806285, 482063.747899999842048 ], [ 407286.911100000143051, 482062.788699999451637 ], [ 407285.89989999961108, 482061.546800000593066 ], [ 407285.281999999657273, 482060.787900000810623 ], [ 407283.712000000290573, 482059.087999999523163 ], [ 407283.582399999722838, 482058.984300000593066 ], [ 407279.030899999663234, 482055.346200000494719 ], [ 407277.781999999657273, 482054.347999999299645 ], [ 407271.833800000138581, 482050.058000000193715 ], [ 407271.611999999731779, 482049.897900000214577 ], [ 407264.45409999974072, 482046.89780000038445 ], [ 407260.27350000012666, 482045.797900000587106 ], [ 407253.182000000029802, 482043.94789999909699 ], [ 407248.561999999918044, 482043.177600000053644 ], [ 407242.940700000151992, 482042.439400000497699 ], [ 407242.816800000146031, 482042.420700000599027 ], [ 407242.49199999962002, 482042.377900000661612 ], [ 407237.012000000104308, 482041.227900000289083 ], [ 407236.408099999651313, 482040.791699999943376 ], [ 407234.219800000078976, 482039.210899999365211 ], [ 407232.582000000402331, 482038.027899999171495 ], [ 407231.419700000435114, 482036.102399999275804 ], [ 407230.050499999895692, 482033.834300000220537 ], [ 407229.932000000029802, 482033.637900000438094 ], [ 407229.729000000283122, 482033.119699999690056 ], [ 407228.19400000013411, 482029.137499999254942 ], [ 407228.086900000460446, 482028.62470000050962 ], [ 407228.065299999900162, 482028.520999999716878 ], [ 407226.892, 482022.807900000363588 ], [ 407226.283400000073016, 482020.918400000780821 ], [ 407225.071999999694526, 482017.157999999821186 ], [ 407224.577100000344217, 482016.468699999153614 ], [ 407224.216199999675155, 482015.966000000014901 ], [ 407223.441999999806285, 482014.888000000268221 ], [ 407222.187699999660254, 482011.687300000339746 ], [ 407221.052000000141561, 482008.847899999469519 ], [ 407220.993200000375509, 482008.316099999472499 ], [ 407220.861999999731779, 482007.127900000661612 ], [ 407220.927600000053644, 482004.543999999761581 ], [ 407220.964499999769032, 482003.187899999320507 ], [ 407220.82909999974072, 482000.968100000172853 ], [ 407220.701999999582767, 481998.847999999299645 ], [ 407220.016800000332296, 481986.675100000575185 ], [ 407219.646800000220537, 481980.101399999111891 ], [ 407219.290900000371039, 481973.798100000247359 ], [ 407218.688299999572337, 481971.015699999406934 ], [ 407217.582000000402331, 481965.907999999821186 ], [ 407216.883899999782443, 481960.677200000733137 ], [ 407216.771099999547005, 481959.801000000908971 ], [ 407216.132000000216067, 481954.987900000065565 ], [ 407215.645600000396371, 481952.447599999606609 ], [ 407214.021999999880791, 481943.9679000005126 ], [ 407212.771999999880791, 481937.44789999909699 ], [ 407212.604799999855459, 481936.255899999290705 ], [ 407211.972400000318885, 481931.748700000345707 ], [ 407211.441999999806285, 481927.9679000005126 ], [ 407210.533699999563396, 481924.441899999976158 ], [ 407209.994199999608099, 481922.347699999809265 ], [ 407209.972299999557436, 481922.273800000548363 ], [ 407209.932000000029802, 481922.117900000885129 ], [ 407209.887000000104308, 481922.049900000914931 ], [ 407208.715400000102818, 481920.157999999821186 ], [ 407208.610600000247359, 481919.988800000399351 ], [ 407208.035500000230968, 481919.061200000345707 ], [ 407208.010800000280142, 481919.019300000742078 ], [ 407207.892, 481918.827899999916553 ], [ 407207.840200000442564, 481918.673299999907613 ], [ 407207.495699999853969, 481917.630999999120831 ], [ 407199.781999999657273, 481920.00789999961853 ], [ 407192.476099999621511, 481922.254200000315905 ], [ 407165.762000000104308, 481930.4679000005126 ], [ 407152.800300000235438, 481933.426200000569224 ], [ 407149.2489, 481934.236700000241399 ], [ 407148.674899999983609, 481934.36769999936223 ], [ 407151.052000000141561, 481943.2179000005126 ], [ 407153.002000000327826, 481959.9679000005126 ], [ 407155.552000000141561, 481974.237900000065565 ], [ 407159.201999999582767, 481988.567900000140071 ], [ 407162.752000000327826, 481999.277899999171495 ], [ 407163.092000000178814, 482000.9679000005126 ], [ 407164.682000000029802, 482008.887900000438094 ], [ 407166.962000000290573, 482018.457900000736117 ], [ 407167.701999999582767, 482026.667899999767542 ], [ 407169.752000000327826, 482038.50789999961853 ], [ 407172.101999999955297, 482050.647900000214577 ], [ 407173.67200000025332, 482060.777899999171495 ], [ 407174.132000000216067, 482068.777899999171495 ], [ 407174.271999999880791, 482072.50789999961853 ], [ 407174.432000000029802, 482075.237900000065565 ], [ 407175.161999999545515, 482081.057900000363588 ], [ 407175.722000000067055, 482086.827899999916553 ], [ 407175.161999999545515, 482092.94789999909699 ], [ 407173.272099999710917, 482097.459899999201298 ], [ 407172.941999999806285, 482098.247899999842048 ], [ 407169.651999999769032, 482106.067900000140071 ], [ 407166.052000000141561, 482114.037900000810623 ], [ 407163.42200000025332, 482121.087899999693036 ], [ 407160.99199999962002, 482129.127900000661612 ], [ 407158.462000000290573, 482132.997899999842048 ], [ 407155.512000000104308, 482138.077899999916553 ], [ 407153.970700000412762, 482140.113299999386072 ], [ 407151.861999999731779, 482142.897900000214577 ], [ 407146.031999999657273, 482148.487900000065565 ], [ 407140.281999999657273, 482155.187899999320507 ], [ 407135.632000000216067, 482160.327899999916553 ], [ 407129.161999999545515, 482165.44789999909699 ], [ 407120.691999999806285, 482171.137900000438094 ], [ 407111.42200000025332, 482177.867900000885129 ], [ 407103.691999999806285, 482184.75789999961853 ], [ 407095.561999999918044, 482192.517899999395013 ], [ 407086.231999999843538, 482200.377900000661612 ], [ 407084.012199999764562, 482201.822300000116229 ], [ 407076.842000000178814, 482206.487900000065565 ], [ 407074.196800000034273, 482208.31220000050962 ], [ 407073.071999999694526, 482209.087899999693036 ], [ 407068.382100000046194, 482211.427899999544024 ], [ 407062.151999999769032, 482213.647900000214577 ], [ 407055.861700000241399, 482215.954800000414252 ], [ 407051.571999999694526, 482217.527899999171495 ], [ 407044.442400000058115, 482220.006999999284744 ], [ 407044.056099999696016, 482220.14130000025034 ], [ 407040.212000000290573, 482221.477900000289083 ], [ 407034.568199999630451, 482223.365800000727177 ], [ 407028.882000000216067, 482225.267899999395013 ], [ 407027.938900000415742, 482225.653599999845028 ], [ 407024.028500000014901, 482227.252399999648333 ], [ 407019.601300000213087, 482229.062599999830127 ], [ 407018.292000000365078, 482229.597899999469519 ], [ 407012.494099999777973, 482232.496999999508262 ], [ 407008.025299999862909, 482234.731399999931455 ], [ 406999.192099999636412, 482239.148000000044703 ], [ 406988.802000000141561, 482242.997899999842048 ], [ 406986.860700000077486, 482243.79759999923408 ], [ 406971.518699999898672, 482250.117599999532104 ], [ 406963.51410000026226, 482253.41499999910593 ], [ 406961.832000000402331, 482254.107899999246001 ], [ 406959.347199999727309, 482255.176200000569224 ], [ 406952.552000000141561, 482258.097899999469519 ], [ 406950.544599999673665, 482258.896900000050664 ], [ 406945.49199999962002, 482260.9079 ], [ 406942.92200000025332, 482262.077899999916553 ], [ 406938.191999999806285, 482264.187899999320507 ], [ 406936.853900000452995, 482264.82010000012815 ], [ 406935.178700000047684, 482265.599799999967217 ], [ 406932.561999999918044, 482266.847899999469519 ], [ 406931.662700000219047, 482267.199699999764562 ], [ 406923.002000000327826, 482270.587899999693036 ], [ 406916.176099999807775, 482272.9671 ], [ 406915.111999999731779, 482273.337899999693036 ], [ 406913.546299999579787, 482273.773499999195337 ], [ 406905.441999999806285, 482276.027899999171495 ], [ 406900.781999999657273, 482277.687899999320507 ], [ 406892.061999999918044, 482279.677899999544024 ], [ 406890.267300000414252, 482280.164899999275804 ], [ 406872.079699999652803, 482285.099799999967217 ], [ 406869.212000000290573, 482285.877900000661612 ], [ 406864.05379999987781, 482286.775900000706315 ], [ 406862.031999999657273, 482287.127900000661612 ], [ 406860.205699999816716, 482287.312599999830127 ], [ 406857.682000000029802, 482287.567900000140071 ], [ 406847.770299999974668, 482290.565099999308586 ], [ 406839.606900000013411, 482293.033700000494719 ], [ 406835.49199999962002, 482294.277899999171495 ], [ 406833.88150000013411, 482294.627399999648333 ], [ 406825.653099999763072, 482296.412799999117851 ], [ 406820.882000000216067, 482297.44789999909699 ], [ 406819.181300000287592, 482297.878499999642372 ], [ 406813.392199999652803, 482299.344499999657273 ], [ 406809.981999999843538, 482300.207900000736117 ], [ 406806.674399999901652, 482301.679300000891089 ], [ 406803.798000000417233, 482302.95890000090003 ], [ 406803.440100000239909, 482303.118100000545382 ], [ 406799.191999999806285, 482305.00789999961853 ], [ 406796.332399999722838, 482306.098999999463558 ], [ 406793.494300000369549, 482307.19620000012219 ], [ 406788.369900000281632, 482309.179400000721216 ], [ 406783.542000000365078, 482311.047900000587106 ], [ 406778.127999999560416, 482313.052400000393391 ], [ 406767.012000000104308, 482317.167899999767542 ], [ 406759.841099999845028, 482319.580399999395013 ], [ 406748.600599999539554, 482323.362099999561906 ], [ 406746.592000000178814, 482324.037900000810623 ], [ 406742.361800000071526, 482325.198100000619888 ], [ 406741.566499999724329, 482325.421700000762939 ], [ 406739.708499999716878, 482325.933299999684095 ], [ 406737.622000000439584, 482326.50789999961853 ], [ 406728.361999999731779, 482329.307900000363588 ], [ 406727.207700000144541, 482329.683499999344349 ], [ 406722.892, 482331.087899999693036 ], [ 406719.384300000034273, 482332.400100000202656 ], [ 406713.161999999545515, 482334.727900000289083 ], [ 406708.461900000460446, 482335.888199999928474 ], [ 406705.99199999962002, 482336.497899999842048 ], [ 406704.271999999880791, 482336.837400000542402 ], [ 406700.988499999977648, 482337.485500000417233 ], [ 406699.101999999955297, 482337.857899999246001 ], [ 406697.86710000038147, 482338.299900000914931 ], [ 406693.690899999812245, 482339.794700000435114 ], [ 406690.161999999545515, 482341.057900000363588 ], [ 406685.036899999715388, 482344.752800000831485 ], [ 406681.561999999918044, 482347.25789999961853 ], [ 406680.148199999704957, 482348.358899999409914 ], [ 406675.911999999545515, 482351.6579 ], [ 406674.763899999670684, 482353.053899999707937 ], [ 406673.781999999657273, 482354.247899999842048 ], [ 406668.832100000232458, 482357.357899999246001 ], [ 406663.321999999694526, 482360.617900000885129 ], [ 406658.642, 482363.087999999523163 ], [ 406657.069899999536574, 482363.505400000140071 ], [ 406653.302199999801815, 482365.730900000780821 ], [ 406636.402700000442564, 482382.798100000247359 ], [ 406622.716099999845028, 482402.181199999526143 ], [ 406612.661899999715388, 482420.172900000587106 ], [ 406606.311900000087917, 482433.666600000113249 ], [ 406599.312199999578297, 482462.65430000051856 ], [ 406594.71239999961108, 482473.68779999949038 ], [ 406592.892199999652803, 482476.991499999538064 ], [ 406538.089300000108778, 482533.694199999794364 ], [ 406537.342000000178814, 482535.667999999597669 ], [ 406535.197499999776483, 482541.332000000402331 ], [ 406532.632000000216067, 482548.107899999246001 ], [ 406525.475399999879301, 482568.24379999935627 ], [ 406523.764499999582767, 482573.057199999690056 ], [ 406516.92200000025332, 482592.310200000181794 ], [ 406510.74210000038147, 482609.698000000789762 ], [ 406510.184500000439584, 482611.646600000560284 ], [ 406507.731999999843538, 482620.2179000005126 ], [ 406506.806800000369549, 482624.435799999162555 ], [ 406505.941999999806285, 482628.377900000661612 ], [ 406505.479000000283122, 482629.664300000295043 ], [ 406502.882100000046194, 482636.878000000491738 ], [ 406500.271900000050664, 482644.100299999117851 ], [ 406495.143699999898672, 482658.290599999949336 ], [ 406489.102099999785423, 482675.007999999448657 ], [ 406485.189399999566376, 482682.411599999293685 ], [ 406495.051400000229478, 482691.802699999883771 ], [ 406473.064600000157952, 482739.796099999919534 ], [ 406459.970300000160933, 482758.823999999091029 ], [ 406454.890300000086427, 482765.385700000450015 ], [ 406449.810300000011921, 482768.560699999332428 ], [ 406441.55530000012368, 482769.195699999108911 ], [ 406428.855299999937415, 482766.6557 ], [ 406418.906899999827147, 482761.152300000190735 ], [ 406396.076700000092387, 482758.119999999180436 ], [ 406378.994400000199676, 482757.090900000184774 ], [ 406364.111600000411272, 482766.351399999111891 ], [ 406367.418899999931455, 482788.841000000014901 ], [ 406378.701299999840558, 482788.70130000077188 ], [ 406386.239500000141561, 482788.158600000664592 ], [ 406387.060800000093877, 482788.880599999800324 ], [ 406387.980200000107288, 482799.372300000861287 ], [ 406389.012099999934435, 482813.118000000715256 ], [ 406363.182000000029802, 482813.737999999895692 ], [ 406360.053299999795854, 482813.865800000727177 ], [ 406337.60080000013113, 482814.783099999651313 ], [ 406329.162100000306964, 482815.127900000661612 ], [ 406328.071999999694526, 482815.437899999320507 ], [ 406304.501400000415742, 482817.238700000569224 ], [ 406301.632000000216067, 482817.457900000736117 ], [ 406300.086799999698997, 482817.710999999195337 ], [ 406299.917000000365078, 482817.172199999913573 ], [ 406300.873300000093877, 482824.063100000843406 ], [ 406301.24199999962002, 482831.337899999693036 ], [ 406301.703200000338256, 482836.41609999909997 ], [ 406302.262000000104308, 482842.567900000140071 ], [ 406303.128899999894202, 482850.081199999898672 ], [ 406303.222000000067055, 482850.888000000268221 ], [ 406305.435600000433624, 482865.74239999987185 ], [ 406305.822100000455976, 482868.335999999195337 ], [ 406306.571999999694526, 482873.367900000885129 ], [ 406309.328099999576807, 482889.553400000557303 ], [ 406310.651999999769032, 482897.327899999916553 ], [ 406313.599200000055134, 482917.137800000607967 ], [ 406313.74199999962002, 482918.097899999469519 ], [ 406315.462000000290573, 482929.639000000432134 ], [ 406317.602099999785423, 482943.997899999842048 ], [ 406319.962000000290573, 482954.317900000140071 ], [ 406325.811999999918044, 482979.4679000005126 ], [ 406326.362499999813735, 482981.372300000861287 ], [ 406326.682000000029802, 482982.477900000289083 ], [ 406328.023400000296533, 482986.702899999916553 ], [ 406332.552000000141561, 483000.968000000342727 ], [ 406333.941999999806285, 483005.357899999246001 ], [ 406335.712000000290573, 483011.377900000661612 ], [ 406340.138899999670684, 483025.153300000354648 ], [ 406343.582000000402331, 483035.867900000885129 ], [ 406350.235700000077486, 483054.732400000095367 ], [ 406354.321999999694526, 483066.317900000140071 ], [ 406357.412200000137091, 483075.511600000783801 ], [ 406360.248599999584258, 483083.950300000607967 ], [ 406360.752100000157952, 483085.44789999909699 ], [ 406363.802099999971688, 483095.618000000715256 ], [ 406362.768199999816716, 483096.418299999088049 ], [ 406360.392, 483098.25789999961853 ], [ 406360.432900000363588, 483098.328299999237061 ], [ 406372.742300000041723, 483119.537799999117851 ], [ 406384.462000000290573, 483139.727900000289083 ], [ 406397.441999999806285, 483130.797900000587106 ], [ 406399.922100000083447, 483129.247999999672174 ], [ 406400.207100000232458, 483129.49239999987185 ], [ 406411.132000000216067, 483138.857899999246001 ], [ 406425.212000000290573, 483149.887900000438094 ], [ 406427.618599999696016, 483151.773000000044703 ], [ 406439.932000000029802, 483161.417899999767542 ], [ 406448.685800000093877, 483167.699599999934435 ], [ 406453.93030000012368, 483171.462999999523163 ], [ 406457.766800000332296, 483174.216099999845028 ], [ 406458.911999999545515, 483175.037900000810623 ], [ 406462.933299999684095, 483178.011499999091029 ], [ 406463.292000000365078, 483177.787900000810623 ], [ 406470.996500000357628, 483171.475999999791384 ], [ 406491.122000000439584, 483154.987999999895692 ] ] ] } },
{ "type": "Feature", "properties": { "OBJECTID": 0, "GND_N": "Boralesgamuwa East B", "CM_Index": null, "GND_NO": "533D", "GND_C": "065", "PROVINCE_N": "WESTERN", "PROVINCE_C": "1", "DISTRICT_N": "COLOMBO", "DISTRICT_C": "1", "DSD_N": "KESBEWA", "DSD_C": "36", "MC_UC_PC_N": null, "GND_NO_Cen": "533D", "GND_NAME_C": "Boralesgamuwa East B", "GND_NO_Gaz": "533 D", "GND_NAME_G": "බොරලැස්ගමුව නැගෙන", "YEAR_CREAT": "2017", "DATA_SOURC": "Satellite Images", "MTD_CREATI": "Extracted on google with Interactive Participation of Grama Niladharies", "Extent": 866838.46874499996, "Shape_Leng": 4609.2925953100003, "Shape_Area": 866838.46874499996 }, "geometry": { "type": "Polygon", "coordinates": [ [ [ 404767.172500000335276, 482892.505499999970198 ], [ 404827.534599999897182, 482888.380200000479817 ], [ 404873.611600000411272, 482902.726500000804663 ], [ 404883.14879999961704, 482902.611800000071526 ], [ 404956.940100000239909, 482862.033900000154972 ], [ 404997.755300000309944, 482831.460799999535084 ], [ 405010.838399999774992, 482829.020199999213219 ], [ 405021.581799999810755, 482827.592299999669194 ], [ 405033.756799999624491, 482818.308599999174476 ], [ 405046.6705, 482806.124600000679493 ], [ 405062.94550000037998, 482788.654899999499321 ], [ 405062.538099999539554, 482788.694399999454618 ], [ 405061.965400000102818, 482788.791600000113249 ], [ 405061.68709999974817, 482788.910599999129772 ], [ 405061.307900000363588, 482789.028300000354648 ], [ 405060.588800000026822, 482789.434800000861287 ], [ 405059.287999999709427, 482789.603900000452995 ], [ 405058.262299999594688, 482789.980399999767542 ], [ 405057.805499999783933, 482789.956199999898672 ], [ 405057.541000000201166, 482789.942199999466538 ], [ 405057.416400000452995, 482790.027000000700355 ], [ 405042.679299999959767, 482724.701500000432134 ], [ 405041.46100000012666, 482713.699999999254942 ], [ 405041.766499999910593, 482704.376499999314547 ], [ 405040.446000000461936, 482699.532700000330806 ], [ 405039.938400000333786, 482698.33699999935925 ], [ 405035.472000000067055, 482699.377900000661612 ], [ 405031.901999999769032, 482682.787900000810623 ], [ 405027.302000000141561, 482665.167899999767542 ], [ 405024.262000000104308, 482652.067900000140071 ], [ 405022.585099999792874, 482645.813400000333786 ], [ 405022.151999999769032, 482644.19789999909699 ], [ 405022.161999999545515, 482639.247899999842048 ], [ 405022.632000000216067, 482635.577899999916553 ], [ 405026.161999999545515, 482622.487900000065565 ], [ 405030.74199999962002, 482604.327899999916553 ], [ 405031.481999999843538, 482598.6579 ], [ 405031.932000000029802, 482593.6579 ], [ 405032.015399999916553, 482592.449100000783801 ], [ 405032.992200000211596, 482578.298000000417233 ], [ 405032.942200000397861, 482574.471699999645352 ], [ 405033.176099999807775, 482574.460699999704957 ], [ 405033.191999999806285, 482572.897900000214577 ], [ 405033.502999999560416, 482543.872899999842048 ], [ 405039.915400000289083, 482502.377199999988079 ], [ 405036.550300000235438, 482488.262299999594688 ], [ 405038.165500000119209, 482479.228399999439716 ], [ 405042.462000000290573, 482470.881599999964237 ], [ 405045.107800000347197, 482466.516000000759959 ], [ 405046.893799999728799, 482461.092000000178814 ], [ 405048.888799999840558, 482451.931600000709295 ], [ 405049.4375, 482450.687400000169873 ], [ 405038.786600000225008, 482421.115399999544024 ], [ 405042.212000000290573, 482412.079900000244379 ], [ 405047.928399999625981, 482406.883500000461936 ], [ 405052.796699999831617, 482396.300200000405312 ], [ 405053.855000000447035, 482389.209300000220537 ], [ 405052.710199999623001, 482384.388399999588728 ], [ 405053.25789999961853, 482382.943600000813603 ], [ 405053.56209999974817, 482382.141100000590086 ], [ 405037.440000000409782, 482375.224500000476837 ], [ 405035.847699999809265, 482359.708200000226498 ], [ 405030.594600000418723, 482346.277000000700355 ], [ 405028.841400000266731, 482345.254799999296665 ], [ 405027.783099999651313, 482344.169999999925494 ], [ 405027.703700000420213, 482342.476600000634789 ], [ 405028.057699999772012, 482339.454500000923872 ], [ 405027.599600000306964, 482322.062000000849366 ], [ 405025.992999999783933, 482299.778100000694394 ], [ 405029.892799999564886, 482268.201899999752641 ], [ 405038.204900000244379, 482229.558199999853969 ], [ 405037.6864, 482209.47550000064075 ], [ 405037.580900000408292, 482205.387099999934435 ], [ 405040.837199999950826, 482186.716600000858307 ], [ 405043.085400000214577, 482165.022600000724196 ], [ 405022.479299999773502, 482141.98340000025928 ], [ 405016.189600000157952, 482140.220000000670552 ], [ 405003.595900000073016, 482139.054199999198318 ], [ 404992.059999999590218, 482137.14919999986887 ], [ 404988.67339999973774, 482135.244100000709295 ], [ 404986.007000000216067, 482131.348600000143051 ], [ 404978.047100000083447, 482103.728700000792742 ], [ 404973.151399999856949, 482086.998500000685453 ], [ 404972.552000000141561, 482086.7179000005126 ], [ 404971.231999999843538, 482085.287900000810623 ], [ 404969.661999999545515, 482078.237900000065565 ], [ 404967.382000000216067, 482064.497899999842048 ], [ 404965.021999999880791, 482047.370400000363588 ], [ 404963.58600000012666, 482042.263499999418855 ], [ 404959.372000000439584, 482042.527899999171495 ], [ 404935.292000000365078, 482043.887900000438094 ], [ 404923.161999999545515, 482044.367900000885129 ], [ 404910.092000000178814, 482044.817900000140071 ], [ 404892.802000000141561, 482045.847899999469519 ], [ 404867.361999999731779, 482047.317900000140071 ], [ 404867.21129999961704, 482038.293800000101328 ], [ 404867.122000000439584, 482032.94789999909699 ], [ 404867.031999999657273, 482027.337999999523163 ], [ 404865.67200000025332, 482018.84569999948144 ], [ 404865.600599999539554, 482016.768600000068545 ], [ 404865.314299999736249, 482016.612400000914931 ], [ 404863.222000000067055, 482003.547900000587106 ], [ 404862.792000000365078, 482000.9679000005126 ], [ 404860.252000000327826, 481985.817900000140071 ], [ 404859.962100000120699, 481979.687899999320507 ], [ 404859.902099999599159, 481977.307900000363588 ], [ 404860.802000000141561, 481974.917899999767542 ], [ 404862.082000000402331, 481973.517899999395013 ], [ 404864.941999999806285, 481972.487900000065565 ], [ 404875.792000000365078, 481971.027899999171495 ], [ 404879.811999999918044, 481970.26799999922514 ], [ 404882.252000000327826, 481969.597899999469519 ], [ 404883.902099999599159, 481968.25789999961853 ], [ 404884.691999999806285, 481967.227900000289083 ], [ 404885.472000000067055, 481963.487900000065565 ], [ 404886.512099999934435, 481931.2179000005126 ], [ 404887.222000000067055, 481902.937899999320507 ], [ 404887.32660000026226, 481899.984400000423193 ], [ 404887.932000000029802, 481882.9079 ], [ 404888.327499999664724, 481878.471899999305606 ], [ 404878.970700000412762, 481876.371400000527501 ], [ 404862.103500000201166, 481864.465199999511242 ], [ 404847.220700000412762, 481850.905200000852346 ], [ 404832.601400000043213, 481832.837200000882149 ], [ 404805.772099999710917, 481788.393600000068545 ], [ 404803.691100000403821, 481788.562000000849366 ], [ 404802.412999999709427, 481788.573499999940395 ], [ 404783.455299999564886, 481788.73369999974966 ], [ 404768.969499999657273, 481793.492000000551343 ], [ 404754.435399999842048, 481795.374099999666214 ], [ 404744.938900000415742, 481794.064699999988079 ], [ 404739.385700000450015, 481789.02309999987483 ], [ 404739.2955, 481788.939300000667572 ], [ 404737.87540000025183, 481800.203099999576807 ], [ 404737.842000000178814, 481800.4679000005126 ], [ 404707.571999999694526, 481765.147900000214577 ], [ 404689.872000000439584, 481744.377900000661612 ], [ 404680.101999999955297, 481732.987900000065565 ], [ 404664.612099999561906, 481718.578299999237061 ], [ 404661.892, 481716.047900000587106 ], [ 404661.200799999758601, 481715.587300000712276 ], [ 404642.17200000025332, 481702.9079 ], [ 404609.614000000059605, 481685.516000000759959 ], [ 404598.603000000119209, 481679.634099999442697 ], [ 404595.951999999582767, 481678.2179000005126 ], [ 404562.58629999961704, 481661.945499999448657 ], [ 404562.222000000067055, 481661.767899999395013 ], [ 404546.543399999849498, 481649.769700000062585 ], [ 404543.222000000067055, 481647.227900000289083 ], [ 404542.994500000029802, 481647.1546 ], [ 404533.622299999929965, 481644.137099999934435 ], [ 404533.59360000025481, 481644.125499999150634 ], [ 404522.695000000298023, 481639.39299999922514 ], [ 404502.841500000096858, 481630.77170000039041 ], [ 404495.071999999694526, 481627.397900000214577 ], [ 404467.101999999955297, 481615.4679000005126 ], [ 404465.215099999681115, 481614.95299999974668 ], [ 404457.17200000025332, 481612.75789999961853 ], [ 404404.49199999962002, 481619.4679000005126 ], [ 404368.981999999843538, 481623.458000000566244 ], [ 404354.423799999989569, 481625.385199999436736 ], [ 404337.481999999843538, 481627.627900000661612 ], [ 404325.909500000067055, 481629.100999999791384 ], [ 404322.359699999913573, 481629.552899999544024 ], [ 404304.802000000141561, 481631.787900000810623 ], [ 404304.548499999567866, 481631.811200000345707 ], [ 404280.781999999657273, 481633.997899999842048 ], [ 404276.891099999658763, 481634.372400000691414 ], [ 404253.042000000365078, 481636.667899999767542 ], [ 404240.342000000178814, 481637.357899999246001 ], [ 404232.425400000065565, 481635.374900000169873 ], [ 404234.620400000363588, 481641.745699999853969 ], [ 404234.479500000365078, 481642.585100000724196 ], [ 404230.02419999986887, 481669.127900000661612 ], [ 404222.069099999964237, 481693.427799999713898 ], [ 404215.916000000201166, 481711.41300000064075 ], [ 404215.396900000050664, 481712.176400000229478 ], [ 404222.794099999591708, 481712.644300000742078 ], [ 404231.49170000012964, 481716.163799999281764 ], [ 404238.091599999926984, 481719.607699999585748 ], [ 404242.258100000210106, 481722.322499999776483 ], [ 404239.764299999922514, 481727.489900000393391 ], [ 404237.148599999956787, 481733.270999999716878 ], [ 404233.34360000025481, 481740.879399999976158 ], [ 404233.334699999541044, 481744.565400000661612 ], [ 404237.589499999769032, 481747.386800000444055 ], [ 404245.629200000315905, 481750.471599999815226 ], [ 404253.51659999974072, 481753.425499999895692 ], [ 404256.902700000442564, 481755.520400000736117 ], [ 404257.298600000329316, 481758.659499999135733 ], [ 404262.04079999960959, 481762.220300000160933 ], [ 404256.960799999535084, 481782.963700000196695 ], [ 404267.120799999684095, 481792.065400000661612 ], [ 404280.244199999608099, 481808.575400000438094 ], [ 404288.358599999919534, 481818.330000000074506 ], [ 404285.478400000371039, 481820.832299999892712 ], [ 404276.401999999769032, 481828.718000000342727 ], [ 404274.888299999758601, 481829.894799999892712 ], [ 404265.932099999859929, 481836.857899999246001 ], [ 404264.61780000012368, 481837.615800000727177 ], [ 404263.192099999636412, 481838.437999999150634 ], [ 404261.933100000023842, 481839.369200000539422 ], [ 404260.322700000368059, 481840.563300000503659 ], [ 404261.542799999937415, 481843.579600000753999 ], [ 404262.071999999694526, 481844.888000000268221 ], [ 404262.42200000025332, 481847.227900000289083 ], [ 404262.182000000029802, 481850.677899999544024 ], [ 404261.42200000025332, 481854.347999999299645 ], [ 404259.691999999806285, 481858.977900000289083 ], [ 404257.002000000327826, 481863.397900000214577 ], [ 404254.3421, 481867.497899999842048 ], [ 404251.731999999843538, 481872.51799999922514 ], [ 404248.021999999880791, 481884.567900000140071 ], [ 404244.271999999880791, 481897.087899999693036 ], [ 404239.552000000141561, 481923.587999999523163 ], [ 404234.722000000067055, 481953.138000000268221 ], [ 404234.222000000067055, 481956.75789999961853 ], [ 404233.582000000402331, 481964.2179000005126 ], [ 404233.212000000290573, 481973.82799999974668 ], [ 404233.375099999830127, 481978.316899999976158 ], [ 404233.838100000284612, 481979.004399999976158 ], [ 404233.401999999769032, 481979.057900000363588 ], [ 404236.56209999974817, 481985.82799999974668 ], [ 404244.642, 482000.9679000005126 ], [ 404247.012000000104308, 482005.417999999597669 ], [ 404247.656899999827147, 482006.63399999961257 ], [ 404251.681900000199676, 482014.224799999967217 ], [ 404258.582100000232458, 482027.237999999895692 ], [ 404262.980600000359118, 482036.736999999731779 ], [ 404266.102099999785423, 482043.478000000119209 ], [ 404274.232099999673665, 482076.958000000566244 ], [ 404283.152099999599159, 482112.778000000864267 ], [ 404286.483199999667704, 482124.007999999448657 ], [ 404288.35190000012517, 482130.308000000193715 ], [ 404290.022099999710917, 482133.657999999821186 ], [ 404291.532100000418723, 482135.89780000038445 ], [ 404293.512099999934435, 482137.887900000438094 ], [ 404295.136199999600649, 482138.744899999350309 ], [ 404297.49199999962002, 482139.987999999895692 ], [ 404302.99210000038147, 482142.087999999523163 ], [ 404333.402099999599159, 482154.837999999523163 ], [ 404353.672100000083447, 482162.978000000119209 ], [ 404367.042100000195205, 482168.517899999395013 ], [ 404386.002000000327826, 482176.707900000736117 ], [ 404388.622000000439584, 482178.067900000140071 ], [ 404391.172100000083447, 482179.898000000044703 ], [ 404393.392099999822676, 482182.118000000715256 ], [ 404393.956000000238419, 482183.683599999174476 ], [ 404394.333300000056624, 482184.731599999591708 ], [ 404394.512000000104308, 482185.227800000458956 ], [ 404395.06209999974817, 482188.808000000193715 ], [ 404394.74210000038147, 482192.548000000417233 ], [ 404393.951999999582767, 482197.417999999597669 ], [ 404393.691999999806285, 482199.957900000736117 ], [ 404391.872000000439584, 482203.807900000363588 ], [ 404388.202100000344217, 482221.997899999842048 ], [ 404381.632000000216067, 482255.877900000661612 ], [ 404378.061999999918044, 482289.567900000140071 ], [ 404378.002000000327826, 482305.287900000810623 ], [ 404378.302000000141561, 482310.167899999767542 ], [ 404379.042600000277162, 482312.586200000718236 ], [ 404379.432000000029802, 482313.857899999246001 ], [ 404381.382000000216067, 482321.287900000810623 ], [ 404382.24199999962002, 482330.218000000342727 ], [ 404383.411999999545515, 482342.367900000885129 ], [ 404383.691999999806285, 482347.847899999469519 ], [ 404383.712000000290573, 482351.747899999842048 ], [ 404384.101999999955297, 482385.097999999299645 ], [ 404386.462100000120699, 482422.9679000005126 ], [ 404387.022099999710917, 482452.388000000268221 ], [ 404387.351999999955297, 482457.387900000438094 ], [ 404383.8421, 482459.867900000885129 ], [ 404363.302000000141561, 482474.387900000438094 ], [ 404360.981999999843538, 482476.417899999767542 ], [ 404359.432000000029802, 482478.927899999544024 ], [ 404358.182000000029802, 482483.857899999246001 ], [ 404357.311999999918044, 482489.847899999469519 ], [ 404356.392, 482498.44789999909699 ], [ 404355.252000000327826, 482519.977900000289083 ], [ 404354.610799999907613, 482525.772900000214577 ], [ 404354.182000000029802, 482529.647900000214577 ], [ 404363.729600000195205, 482531.661100000143051 ], [ 404363.762000000104308, 482531.667899999767542 ], [ 404363.212000000290573, 482537.647900000214577 ], [ 404361.74199999962002, 482549.887900000438094 ], [ 404360.082000000402331, 482559.497899999842048 ], [ 404353.512000000104308, 482574.807900000363588 ], [ 404346.222000000067055, 482591.187899999320507 ], [ 404336.361999999731779, 482608.057900000363588 ], [ 404332.492700000293553, 482614.223699999973178 ], [ 404319.682000000029802, 482634.637900000438094 ], [ 404311.962000000290573, 482645.537900000810623 ], [ 404293.191999999806285, 482671.75789999961853 ], [ 404291.082000000402331, 482676.057900000363588 ], [ 404290.224700000137091, 482679.388199999928474 ], [ 404290.042000000365078, 482680.097899999469519 ], [ 404289.930399999953806, 482700.763000000268221 ], [ 404289.892, 482707.867900000885129 ], [ 404289.892, 482724.587899999693036 ], [ 404289.321999999694526, 482739.557900000363588 ], [ 404286.472000000067055, 482759.267899999395013 ], [ 404281.722000000067055, 482783.977900000289083 ], [ 404278.481999999843538, 482794.797900000587106 ], [ 404276.771999999880791, 482800.227900000289083 ], [ 404274.652900000102818, 482806.347799999639392 ], [ 404270.410000000149012, 482818.601199999451637 ], [ 404267.401999999769032, 482827.287900000810623 ], [ 404265.08530000038445, 482832.947599999606609 ], [ 404261.262000000104308, 482842.287900000810623 ], [ 404253.522699999623001, 482863.809599999338388 ], [ 404252.139299999922514, 482867.656700000166893 ], [ 404248.531999999657273, 482877.687899999320507 ], [ 404240.182000000029802, 482901.087899999693036 ], [ 404237.882000000216067, 482913.827899999916553 ], [ 404237.734600000083447, 482915.211300000548363 ], [ 404236.132000000216067, 482930.247899999842048 ], [ 404235.098100000061095, 482961.448699999600649 ], [ 404234.843500000424683, 482969.130400000140071 ], [ 404234.832000000402331, 482969.477900000289083 ], [ 404234.80599999986589, 482970.765399999916553 ], [ 404234.80460000038147, 482970.836100000888109 ], [ 404234.802799999713898, 482970.924000000581145 ], [ 404234.790000000037253, 482971.551899999380112 ], [ 404247.954400000162423, 482971.682900000363588 ], [ 404262.24199999962002, 482973.799599999561906 ], [ 404283.011800000444055, 482976.44539999961853 ], [ 404298.886800000444055, 482978.95890000090003 ], [ 404315.952499999664724, 482981.207900000736117 ], [ 404327.461900000460446, 482983.853700000792742 ], [ 404345.189000000245869, 482987.954800000414252 ], [ 404358.682799999602139, 482991.262099999934435 ], [ 404362.761800000444055, 482991.68099999986589 ], [ 404367.855000000447035, 482993.003900000825524 ], [ 404372.154500000178814, 482993.533099999651313 ], [ 404376.818300000391901, 482994.787000000476837 ], [ 404376.897300000302494, 482994.826799999922514 ], [ 404379.453099999576807, 482996.112199999392033 ], [ 404385.681599999777973, 482997.653200000524521 ], [ 404412.794599999673665, 483004.36119999922812 ], [ 404442.480899999849498, 483012.29869999922812 ], [ 404449.307199999690056, 483015.156199999153614 ], [ 404446.925900000147521, 483022.935000000521541 ], [ 404440.5329, 483032.997999999672174 ], [ 404440.428899999707937, 483033.161800000816584 ], [ 404437.5795, 483038.479299999773502 ], [ 404434.139899999834597, 483044.697000000625849 ], [ 404434.272199999541044, 483047.21059999987483 ], [ 404437.182599999941885, 483050.650100000202656 ], [ 404442.738900000229478, 483053.957399999722838 ], [ 404449.485799999907613, 483056.867900000885129 ], [ 404454.380599999800324, 483060.175200000405312 ], [ 404457.68790000025183, 483063.746999999508262 ], [ 404468.800400000065565, 483081.870999999344349 ], [ 404473.959800000302494, 483090.205399999395013 ], [ 404479.251500000245869, 483099.994999999180436 ], [ 404484.675400000065565, 483111.239800000563264 ], [ 404491.157700000330806, 483120.63260000012815 ], [ 404498.036899999715388, 483129.496099999174476 ], [ 404504.122299999929965, 483135.713899999856949 ], [ 404512.721300000324845, 483147.223300000652671 ], [ 404522.775500000454485, 483159.526399999856949 ], [ 404532.565100000239909, 483171.300400000065565 ], [ 404543.809899999760091, 483183.868100000545382 ], [ 404544.752000000327826, 483185.124199999496341 ], [ 404545.109299999661744, 483180.699200000613928 ], [ 404547.265599999576807, 483153.996200000867248 ], [ 404558.908800000324845, 483110.166600000113249 ], [ 404589.771499999798834, 483064.965199999511242 ], [ 404590.996000000275671, 483055.614099999889731 ], [ 404597.065499999560416, 483009.263000000268221 ], [ 404604.727099999785423, 482993.460999999195337 ], [ 404619.56319999974221, 482950.1875 ], [ 404637.864599999971688, 482940.074300000444055 ], [ 404718.89049999974668, 482912.792899999767542 ], [ 404767.172500000335276, 482892.505499999970198 ] ] ] } }
]
}
